[debug] [2026-05-18T20:45:13.796Z] ----------------------------------------------------------------------
[debug] [2026-05-18T20:45:13.798Z] Command:       /opt/homebrew/Cellar/node/25.9.0_3/bin/node /opt/homebrew/bin/firebase deploy
[debug] [2026-05-18T20:45:13.798Z] CLI Version:   15.17.0
[debug] [2026-05-18T20:45:13.798Z] Platform:      darwin
[debug] [2026-05-18T20:45:13.798Z] Node Version:  v25.9.0
[debug] [2026-05-18T20:45:13.798Z] Time:          Mon May 18 2026 15:45:13 GMT-0500 (Colombia Standard Time)
[debug] [2026-05-18T20:45:13.798Z] ----------------------------------------------------------------------
[debug] 
[debug] [2026-05-18T20:45:13.799Z] >>> [apiv2][query] GET https://firebase-public.firebaseio.com/cli.json [none]
[debug] [2026-05-18T20:45:14.539Z] > command requires scopes: ["email","openid","https://www.googleapis.com/auth/cloudplatformprojects.readonly","https://www.googleapis.com/auth/firebase","https://www.googleapis.com/auth/cloud-platform"]
[debug] [2026-05-18T20:45:14.540Z] > authorizing via signed-in user (serdumo@gmail.com)
[debug] [2026-05-18T20:45:14.540Z] [iam] checking project larabakery-d98a0 for permissions ["cloudfunctions.functions.create","cloudfunctions.functions.delete","cloudfunctions.functions.get","cloudfunctions.functions.list","cloudfunctions.functions.update","cloudfunctions.operations.get","datastore.indexes.create","datastore.indexes.delete","datastore.indexes.list","datastore.indexes.update","firebase.projects.get","firebasehosting.sites.update"]
[debug] [2026-05-18T20:45:14.540Z] Checked if tokens are valid: false, expires at: 1778641162232
[debug] [2026-05-18T20:45:14.540Z] Checked if tokens are valid: false, expires at: 1778641162232
[debug] [2026-05-18T20:45:14.540Z] > refreshing access token with scopes: []
[debug] [2026-05-18T20:45:14.541Z] >>> [apiv2][query] POST https://www.googleapis.com/oauth2/v3/token [none]
[debug] [2026-05-18T20:45:14.541Z] >>> [apiv2][body] POST https://www.googleapis.com/oauth2/v3/token [omitted]
[debug] [2026-05-18T20:45:14.794Z] <<< [apiv2][status] POST https://www.googleapis.com/oauth2/v3/token 200
[debug] [2026-05-18T20:45:14.794Z] <<< [apiv2][body] POST https://www.googleapis.com/oauth2/v3/token [omitted]
[debug] [2026-05-18T20:45:14.808Z] >>> [apiv2][query] POST https://cloudresourcemanager.googleapis.com/v1/projects/larabakery-d98a0:testIamPermissions [none]
[debug] [2026-05-18T20:45:14.808Z] >>> [apiv2][(partial)header] POST https://cloudresourcemanager.googleapis.com/v1/projects/larabakery-d98a0:testIamPermissions  x-goog-user-project=larabakery-d98a0
[debug] [2026-05-18T20:45:14.808Z] >>> [apiv2][body] POST https://cloudresourcemanager.googleapis.com/v1/projects/larabakery-d98a0:testIamPermissions {"permissions":["cloudfunctions.functions.create","cloudfunctions.functions.delete","cloudfunctions.functions.get","cloudfunctions.functions.list","cloudfunctions.functions.update","cloudfunctions.operations.get","datastore.indexes.create","datastore.indexes.delete","datastore.indexes.list","datastore.indexes.update","firebase.projects.get","firebasehosting.sites.update"]}
[debug] [2026-05-18T20:45:14.821Z] <<< [apiv2][status] GET https://firebase-public.firebaseio.com/cli.json 200
[debug] [2026-05-18T20:45:14.822Z] <<< [apiv2][body] GET https://firebase-public.firebaseio.com/cli.json {"cloudBuildErrorAfter":1594252800000,"cloudBuildWarnAfter":1590019200000,"defaultNode10After":1594252800000,"minVersion":"3.0.5","node8DeploysDisabledAfter":1613390400000,"node8RuntimeDisabledAfter":1615809600000,"node8WarnAfter":1600128000000}
[debug] [2026-05-18T20:45:15.375Z] <<< [apiv2][status] POST https://cloudresourcemanager.googleapis.com/v1/projects/larabakery-d98a0:testIamPermissions 200
[debug] [2026-05-18T20:45:15.375Z] <<< [apiv2][body] POST https://cloudresourcemanager.googleapis.com/v1/projects/larabakery-d98a0:testIamPermissions {"permissions":["cloudfunctions.functions.create","cloudfunctions.functions.delete","cloudfunctions.functions.get","cloudfunctions.functions.list","cloudfunctions.functions.update","cloudfunctions.operations.get","datastore.indexes.create","datastore.indexes.delete","datastore.indexes.list","datastore.indexes.update","firebase.projects.get","firebasehosting.sites.update"]}
[debug] [2026-05-18T20:45:15.376Z] Checked if tokens are valid: true, expires at: 1779140713794
[debug] [2026-05-18T20:45:15.376Z] Checked if tokens are valid: true, expires at: 1779140713794
[debug] [2026-05-18T20:45:15.377Z] >>> [apiv2][query] POST https://iam.googleapis.com/v1/projects/larabakery-d98a0/serviceAccounts/larabakery-d98a0@appspot.gserviceaccount.com:testIamPermissions [none]
[debug] [2026-05-18T20:45:15.377Z] >>> [apiv2][body] POST https://iam.googleapis.com/v1/projects/larabakery-d98a0/serviceAccounts/larabakery-d98a0@appspot.gserviceaccount.com:testIamPermissions {"permissions":["iam.serviceAccounts.actAs"]}
[debug] [2026-05-18T20:45:16.065Z] <<< [apiv2][status] POST https://iam.googleapis.com/v1/projects/larabakery-d98a0/serviceAccounts/larabakery-d98a0@appspot.gserviceaccount.com:testIamPermissions 200
[debug] [2026-05-18T20:45:16.065Z] <<< [apiv2][body] POST https://iam.googleapis.com/v1/projects/larabakery-d98a0/serviceAccounts/larabakery-d98a0@appspot.gserviceaccount.com:testIamPermissions {"permissions":["iam.serviceAccounts.actAs"]}
[debug] [2026-05-18T20:45:16.066Z] Checked if tokens are valid: true, expires at: 1779140713794
[debug] [2026-05-18T20:45:16.066Z] Checked if tokens are valid: true, expires at: 1779140713794
[debug] [2026-05-18T20:45:16.067Z] >>> [apiv2][query] GET https://firebase.googleapis.com/v1beta1/projects/larabakery-d98a0 [none]
[debug] [2026-05-18T20:45:16.548Z] <<< [apiv2][status] GET https://firebase.googleapis.com/v1beta1/projects/larabakery-d98a0 200
[debug] [2026-05-18T20:45:16.549Z] <<< [apiv2][body] GET https://firebase.googleapis.com/v1beta1/projects/larabakery-d98a0 {"projectId":"larabakery-d98a0","projectNumber":"288559419949","displayName":"LaraBakery","name":"projects/larabakery-d98a0","resources":{"hostingSite":"larabakery-d98a0"},"state":"ACTIVE","etag":"1_e2910b95-063d-4d1d-a59c-e74ef380f994"}
[info] 
[info] === Deploying to 'larabakery-d98a0'...
[info] 
[info] i  deploying firestore, functions, hosting 
[info] Running command: npm run build
[info] ✔  hosting[larabakery]: Finished running predeploy script. 
[info] i  firestore: ensuring required API firestore.googleapis.com is enabled... 
[info] i  firestore: ensuring required API firestore.googleapis.com is enabled... 
[debug] [2026-05-18T20:45:22.556Z] Checked if tokens are valid: true, expires at: 1779140713794
[debug] [2026-05-18T20:45:22.556Z] Checked if tokens are valid: true, expires at: 1779140713794
[debug] [2026-05-18T20:45:22.556Z] >>> [apiv2][query] GET https://firestore.googleapis.com/v1/projects/larabakery-d98a0/databases/(default) [none]
[debug] [2026-05-18T20:45:23.434Z] <<< [apiv2][status] GET https://firestore.googleapis.com/v1/projects/larabakery-d98a0/databases/(default) 200
[debug] [2026-05-18T20:45:23.434Z] <<< [apiv2][body] GET https://firestore.googleapis.com/v1/projects/larabakery-d98a0/databases/(default) {"name":"projects/larabakery-d98a0/databases/(default)","uid":"96c09358-2f9b-4d33-8f64-8d482270b8cb","createTime":"2026-05-08T20:48:33.296873Z","updateTime":"2026-05-08T20:48:33.296873Z","locationId":"nam5","type":"FIRESTORE_NATIVE","concurrencyMode":"PESSIMISTIC","versionRetentionPeriod":"3600s","earliestVersionTime":"2026-05-18T19:45:23.473634Z","appEngineIntegrationMode":"DISABLED","keyPrefix":"s","pointInTimeRecoveryEnablement":"POINT_IN_TIME_RECOVERY_DISABLED","deleteProtectionState":"DELETE_PROTECTION_DISABLED","databaseEdition":"STANDARD","freeTier":true,"realtimeUpdatesMode":"REALTIME_UPDATES_MODE_ENABLED","etag":"IO+qgaLaw5QDMM7B+rHIqpQD"}
[info] i  firestore: reading indexes from firestore.indexes.json... 
[info] i  cloud.firestore: checking firestore.rules for compilation errors... 
[debug] [2026-05-18T20:45:23.436Z] Checked if tokens are valid: true, expires at: 1779140713794
[debug] [2026-05-18T20:45:23.437Z] Checked if tokens are valid: true, expires at: 1779140713794
[debug] [2026-05-18T20:45:23.437Z] >>> [apiv2][query] POST https://firebaserules.googleapis.com/v1/projects/larabakery-d98a0:test [none]
[debug] [2026-05-18T20:45:23.437Z] >>> [apiv2][body] POST https://firebaserules.googleapis.com/v1/projects/larabakery-d98a0:test [omitted]
[debug] [2026-05-18T20:45:24.047Z] <<< [apiv2][status] POST https://firebaserules.googleapis.com/v1/projects/larabakery-d98a0:test 200
[debug] [2026-05-18T20:45:24.047Z] <<< [apiv2][body] POST https://firebaserules.googleapis.com/v1/projects/larabakery-d98a0:test {}
[info] ✔  cloud.firestore: rules file firestore.rules compiled successfully 
[debug] [2026-05-18T20:45:24.048Z] Checked if tokens are valid: true, expires at: 1779140713794
[debug] [2026-05-18T20:45:24.048Z] Checked if tokens are valid: true, expires at: 1779140713794
[debug] [2026-05-18T20:45:24.049Z] >>> [apiv2][query] GET https://cloudresourcemanager.googleapis.com/v1/projects/larabakery-d98a0 [none]
[debug] [2026-05-18T20:45:24.581Z] <<< [apiv2][status] GET https://cloudresourcemanager.googleapis.com/v1/projects/larabakery-d98a0 200
[debug] [2026-05-18T20:45:24.582Z] <<< [apiv2][body] GET https://cloudresourcemanager.googleapis.com/v1/projects/larabakery-d98a0 {"projectNumber":"288559419949","projectId":"larabakery-d98a0","lifecycleState":"ACTIVE","name":"LaraBakery","labels":{"firebase":"enabled","firebase-core":"disabled"},"createTime":"2026-05-08T20:29:54.304Z"}
[info] i  functions: preparing codebase default for deployment 
[info] i  functions: ensuring required API cloudfunctions.googleapis.com is enabled... 
[info] i  functions: ensuring required API cloudbuild.googleapis.com is enabled... 
[info] i  artifactregistry: ensuring required API artifactregistry.googleapis.com is enabled... 
[debug] [2026-05-18T20:45:24.585Z] Checked if tokens are valid: true, expires at: 1779140713794
[debug] [2026-05-18T20:45:24.585Z] Checked if tokens are valid: true, expires at: 1779140713794
[debug] [2026-05-18T20:45:24.585Z] >>> [apiv2][query] GET https://firebase.googleapis.com/v1beta1/projects/larabakery-d98a0/adminSdkConfig [none]
[debug] [2026-05-18T20:45:24.994Z] <<< [apiv2][status] GET https://firebase.googleapis.com/v1beta1/projects/larabakery-d98a0/adminSdkConfig 200
[debug] [2026-05-18T20:45:24.995Z] <<< [apiv2][body] GET https://firebase.googleapis.com/v1beta1/projects/larabakery-d98a0/adminSdkConfig {"projectId":"larabakery-d98a0","storageBucket":"larabakery-d98a0.firebasestorage.app"}
[debug] [2026-05-18T20:45:24.995Z] Checked if tokens are valid: true, expires at: 1779140713794
[debug] [2026-05-18T20:45:24.996Z] Checked if tokens are valid: true, expires at: 1779140713794
[debug] [2026-05-18T20:45:24.996Z] >>> [apiv2][query] GET https://runtimeconfig.googleapis.com/v1beta1/projects/larabakery-d98a0/configs [none]
[debug] [2026-05-18T20:45:25.582Z] <<< [apiv2][status] GET https://runtimeconfig.googleapis.com/v1beta1/projects/larabakery-d98a0/configs 200
[debug] [2026-05-18T20:45:25.582Z] <<< [apiv2][body] GET https://runtimeconfig.googleapis.com/v1beta1/projects/larabakery-d98a0/configs {}
[debug] [2026-05-18T20:45:25.583Z] Validating nodejs source
[debug] [2026-05-18T20:45:26.020Z] > [functions] package.json contents: {
  "main": "lib/index.js",
  "scripts": {
    "genkit:start": "genkit start -- tsx --watch src/genkit-sample.ts",
    "lint": "eslint --ext .js,.ts .",
    "build": "tsc",
    "build:watch": "tsc --watch",
    "serve": "npm run build && firebase emulators:start --only functions",
    "shell": "npm run build && firebase functions:shell",
    "start": "npm run shell",
    "deploy": "firebase deploy --only functions",
    "logs": "firebase functions:log"
  },
  "name": "functions",
  "engines": {
    "node": "22"
  },
  "dependencies": {
    "@genkit-ai/firebase": "^1.33.0",
    "@genkit-ai/google-genai": "^1.33.0",
    "express": "^5.2.1",
    "firebase-admin": "^13.6.0",
    "firebase-functions": "^7.0.0",
    "genkit": "^1.33.0",
    "nodemailer": "^8.0.7"
  },
  "devDependencies": {
    "@types/nodemailer": "^8.0.0",
    "@typescript-eslint/eslint-plugin": "^5.12.0",
    "@typescript-eslint/parser": "^5.12.0",
    "eslint": "^8.9.0",
    "eslint-config-google": "^0.14.0",
    "eslint-plugin-import": "^2.25.4",
    "firebase-functions-test": "^3.4.1",
    "tsx": "^4.21.0",
    "typescript": "^6.0.3"
  },
  "private": true
}
[debug] [2026-05-18T20:45:26.020Z] Building nodejs source
[info] i  functions: Loading and analyzing source code for codebase default to determine what to deploy 
[debug] [2026-05-18T20:45:26.021Z] Could not find functions.yaml. Must use http discovery
[debug] [2026-05-18T20:45:26.027Z] Found firebase-functions binary at '/Users/checho/Documents/DuriRepos/LaraBakery/Web/functions/node_modules/.bin/firebase-functions'
[info] Serving at port 8909

[debug] [2026-05-18T20:45:26.535Z] Got response from /__/functions.yaml {"endpoints":{"notifyAdminOnNewOrder":{"availableMemoryMb":null,"timeoutSeconds":null,"minInstances":null,"maxInstances":10,"ingressSettings":null,"concurrency":null,"serviceAccountEmail":null,"vpc":null,"platform":"gcfv2","secretEnvironmentVariables":[{"key":"GMAIL_USER"},{"key":"GMAIL_PASS"}],"labels":{},"eventTrigger":{"eventType":"google.cloud.firestore.document.v1.created","eventFilters":{"database":"(default)","namespace":"(default)"},"eventFilterPathPatterns":{"document":"orders/{orderId}"},"retry":false},"entryPoint":"notifyAdminOnNewOrder"}},"specVersion":"v1alpha1","requiredAPIs":[],"extensions":{},"params":[{"type":"secret","name":"GMAIL_USER"},{"type":"secret","name":"GMAIL_PASS"}]}
[info] i  extensions: ensuring required API firebaseextensions.googleapis.com is enabled... 
[debug] [2026-05-18T20:45:30.552Z] > command requires scopes: ["email","openid","https://www.googleapis.com/auth/cloudplatformprojects.readonly","https://www.googleapis.com/auth/firebase","https://www.googleapis.com/auth/cloud-platform"]
[debug] [2026-05-18T20:45:30.552Z] > authorizing via signed-in user (serdumo@gmail.com)
[debug] [2026-05-18T20:45:30.552Z] [iam] checking project larabakery-d98a0 for permissions ["firebase.projects.get","firebaseextensions.instances.list"]
[debug] [2026-05-18T20:45:30.552Z] Checked if tokens are valid: true, expires at: 1779140713794
[debug] [2026-05-18T20:45:30.552Z] Checked if tokens are valid: true, expires at: 1779140713794
[debug] [2026-05-18T20:45:30.552Z] >>> [apiv2][query] POST https://cloudresourcemanager.googleapis.com/v1/projects/larabakery-d98a0:testIamPermissions [none]
[debug] [2026-05-18T20:45:30.552Z] >>> [apiv2][(partial)header] POST https://cloudresourcemanager.googleapis.com/v1/projects/larabakery-d98a0:testIamPermissions  x-goog-user-project=larabakery-d98a0
[debug] [2026-05-18T20:45:30.552Z] >>> [apiv2][body] POST https://cloudresourcemanager.googleapis.com/v1/projects/larabakery-d98a0:testIamPermissions {"permissions":["firebase.projects.get","firebaseextensions.instances.list"]}
[debug] [2026-05-18T20:45:31.090Z] <<< [apiv2][status] POST https://cloudresourcemanager.googleapis.com/v1/projects/larabakery-d98a0:testIamPermissions 200
[debug] [2026-05-18T20:45:31.091Z] <<< [apiv2][body] POST https://cloudresourcemanager.googleapis.com/v1/projects/larabakery-d98a0:testIamPermissions {"permissions":["firebase.projects.get","firebaseextensions.instances.list"]}
[debug] [2026-05-18T20:45:31.091Z] Checked if tokens are valid: true, expires at: 1779140713794
[debug] [2026-05-18T20:45:31.091Z] Checked if tokens are valid: true, expires at: 1779140713794
[debug] [2026-05-18T20:45:31.092Z] >>> [apiv2][query] GET https://firebaseextensions.googleapis.com/v1beta/projects/larabakery-d98a0/instances pageSize=100&pageToken=
[debug] [2026-05-18T20:45:32.035Z] <<< [apiv2][status] GET https://firebaseextensions.googleapis.com/v1beta/projects/larabakery-d98a0/instances 200
[debug] [2026-05-18T20:45:32.036Z] <<< [apiv2][body] GET https://firebaseextensions.googleapis.com/v1beta/projects/larabakery-d98a0/instances {}
[debug] [2026-05-18T20:45:32.037Z] Checked if tokens are valid: true, expires at: 1779140713794
[debug] [2026-05-18T20:45:32.037Z] Checked if tokens are valid: true, expires at: 1779140713794
[debug] [2026-05-18T20:45:32.038Z] >>> [apiv2][query] GET https://secretmanager.googleapis.com/v1/projects/larabakery-d98a0/secrets/GMAIL_USER [none]
[debug] [2026-05-18T20:45:32.694Z] <<< [apiv2][status] GET https://secretmanager.googleapis.com/v1/projects/larabakery-d98a0/secrets/GMAIL_USER 200
[debug] [2026-05-18T20:45:32.695Z] <<< [apiv2][body] GET https://secretmanager.googleapis.com/v1/projects/larabakery-d98a0/secrets/GMAIL_USER {"name":"projects/288559419949/secrets/GMAIL_USER","replication":{"automatic":{}},"createTime":"2026-05-13T00:27:32.003440Z","labels":{"firebase-managed":"functions"},"etag":"\"1651a80ba96ac7\""}
[debug] [2026-05-18T20:45:32.695Z] Checked if tokens are valid: true, expires at: 1779140713794
[debug] [2026-05-18T20:45:32.695Z] Checked if tokens are valid: true, expires at: 1779140713794
[debug] [2026-05-18T20:45:32.695Z] >>> [apiv2][query] GET https://secretmanager.googleapis.com/v1/projects/larabakery-d98a0/secrets/GMAIL_USER/versions/latest [none]
[debug] [2026-05-18T20:45:32.846Z] <<< [apiv2][status] GET https://secretmanager.googleapis.com/v1/projects/larabakery-d98a0/secrets/GMAIL_USER/versions/latest 200
[debug] [2026-05-18T20:45:32.846Z] <<< [apiv2][body] GET https://secretmanager.googleapis.com/v1/projects/larabakery-d98a0/secrets/GMAIL_USER/versions/latest {"name":"projects/288559419949/secrets/GMAIL_USER/versions/2","createTime":"2026-05-13T00:28:13.062885Z","state":"ENABLED","replicationStatus":{"automatic":{}},"etag":"\"1651a80e17d6e5\""}
[debug] [2026-05-18T20:45:32.847Z] Checked if tokens are valid: true, expires at: 1779140713794
[debug] [2026-05-18T20:45:32.847Z] Checked if tokens are valid: true, expires at: 1779140713794
[debug] [2026-05-18T20:45:32.848Z] >>> [apiv2][query] GET https://secretmanager.googleapis.com/v1/projects/larabakery-d98a0/secrets/GMAIL_PASS [none]
[debug] [2026-05-18T20:45:33.140Z] <<< [apiv2][status] GET https://secretmanager.googleapis.com/v1/projects/larabakery-d98a0/secrets/GMAIL_PASS 200
[debug] [2026-05-18T20:45:33.140Z] <<< [apiv2][body] GET https://secretmanager.googleapis.com/v1/projects/larabakery-d98a0/secrets/GMAIL_PASS {"name":"projects/288559419949/secrets/GMAIL_PASS","replication":{"automatic":{}},"createTime":"2026-05-13T00:30:38.552042Z","labels":{"firebase-managed":"functions"},"etag":"\"1651a816c95b42\""}
[debug] [2026-05-18T20:45:33.141Z] Checked if tokens are valid: true, expires at: 1779140713794
[debug] [2026-05-18T20:45:33.141Z] Checked if tokens are valid: true, expires at: 1779140713794
[debug] [2026-05-18T20:45:33.142Z] >>> [apiv2][query] GET https://secretmanager.googleapis.com/v1/projects/larabakery-d98a0/secrets/GMAIL_PASS/versions/latest [none]
[debug] [2026-05-18T20:45:33.310Z] <<< [apiv2][status] GET https://secretmanager.googleapis.com/v1/projects/larabakery-d98a0/secrets/GMAIL_PASS/versions/latest 200
[debug] [2026-05-18T20:45:33.311Z] <<< [apiv2][body] GET https://secretmanager.googleapis.com/v1/projects/larabakery-d98a0/secrets/GMAIL_PASS/versions/latest {"name":"projects/288559419949/secrets/GMAIL_PASS/versions/2","createTime":"2026-05-13T00:56:42.146085Z","state":"ENABLED","replicationStatus":{"automatic":{}},"etag":"\"1651a873f66125\""}
[info] i  functions: preparing functions directory for uploading... 
[info] i  functions: packaged /Users/checho/Documents/DuriRepos/LaraBakery/Web/functions (144.52 KB) for uploading 
[debug] [2026-05-18T20:45:33.342Z] Checked if tokens are valid: true, expires at: 1779140713794
[debug] [2026-05-18T20:45:33.342Z] Checked if tokens are valid: true, expires at: 1779140713794
[debug] [2026-05-18T20:45:33.342Z] >>> [apiv2][query] GET https://cloudfunctions.googleapis.com/v1/projects/larabakery-d98a0/locations/-/functions [none]
[debug] [2026-05-18T20:45:34.164Z] <<< [apiv2][status] GET https://cloudfunctions.googleapis.com/v1/projects/larabakery-d98a0/locations/-/functions 200
[debug] [2026-05-18T20:45:34.164Z] <<< [apiv2][body] GET https://cloudfunctions.googleapis.com/v1/projects/larabakery-d98a0/locations/-/functions {}
[debug] [2026-05-18T20:45:34.165Z] Checked if tokens are valid: true, expires at: 1779140713794
[debug] [2026-05-18T20:45:34.165Z] Checked if tokens are valid: true, expires at: 1779140713794
[debug] [2026-05-18T20:45:34.165Z] >>> [apiv2][query] GET https://cloudfunctions.googleapis.com/v2/projects/larabakery-d98a0/locations/-/functions filter=environment%3D%22GEN_2%22
[debug] [2026-05-18T20:45:34.668Z] <<< [apiv2][status] GET https://cloudfunctions.googleapis.com/v2/projects/larabakery-d98a0/locations/-/functions 200
[debug] [2026-05-18T20:45:34.668Z] <<< [apiv2][body] GET https://cloudfunctions.googleapis.com/v2/projects/larabakery-d98a0/locations/-/functions {"functions":[{"name":"projects/larabakery-d98a0/locations/us-central1/functions/notifyAdminOnNewOrder","buildConfig":{"build":"projects/288559419949/locations/us-central1/builds/30095035-1338-4f3f-ad6f-6ca9f4b4e5f0","runtime":"nodejs22","entryPoint":"notifyAdminOnNewOrder","source":{"storageSource":{"bucket":"gcf-v2-sources-288559419949-us-central1","object":"notifyAdminOnNewOrder/function-source.zip","generation":"1778634062445526"}},"environmentVariables":{"GOOGLE_NODE_RUN_SCRIPTS":""},"dockerRepository":"projects/larabakery-d98a0/locations/us-central1/repositories/gcf-artifacts","sourceProvenance":{"resolvedStorageSource":{"bucket":"gcf-v2-sources-288559419949-us-central1","object":"notifyAdminOnNewOrder/function-source.zip","generation":"1778634062445526"}},"dockerRegistry":"ARTIFACT_REGISTRY","serviceAccount":"projects/larabakery-d98a0/serviceAccounts/288559419949-compute@developer.gserviceaccount.com","automaticUpdatePolicy":{}},"serviceConfig":{"service":"projects/larabakery-d98a0/locations/us-central1/services/notifyadminonneworder","timeoutSeconds":60,"environmentVariables":{"FIREBASE_CONFIG":"{\"projectId\":\"larabakery-d98a0\",\"storageBucket\":\"larabakery-d98a0.firebasestorage.app\"}","GCLOUD_PROJECT":"larabakery-d98a0","EVENTARC_CLOUD_EVENT_SOURCE":"projects/larabakery-d98a0/locations/REGION_TBD/services/notifyAdminOnNewOrder","FUNCTION_SIGNATURE_TYPE":"cloudevent","FUNCTION_TARGET":"notifyAdminOnNewOrder","LOG_EXECUTION_ID":"true"},"maxInstanceCount":10,"ingressSettings":"ALLOW_ALL","uri":"https://notifyadminonneworder-oi2o5aa4tq-uc.a.run.app","serviceAccountEmail":"288559419949-compute@developer.gserviceaccount.com","availableMemory":"256Mi","allTrafficOnLatestRevision":true,"secretEnvironmentVariables":[{"key":"GMAIL_USER","projectId":"larabakery-d98a0","secret":"GMAIL_USER","version":"2"},{"key":"GMAIL_PASS","projectId":"larabakery-d98a0","secret":"GMAIL_PASS","version":"2"}],"revision":"notifyadminonneworder-00003-del","maxInstanceRequestConcurrency":80,"availableCpu":"1"},"eventTrigger":{"trigger":"projects/larabakery-d98a0/locations/nam5/triggers/notifyadminonneworder-567947","triggerRegion":"nam5","eventType":"google.cloud.firestore.document.v1.created","eventFilters":[{"attribute":"namespace","value":"(default)"},{"attribute":"document","value":"orders/{orderId}","operator":"match-path-pattern"},{"attribute":"database","value":"(default)"}],"pubsubTopic":"projects/larabakery-d98a0/topics/eventarc-nam5-notifyadminonneworder-567947-190","serviceAccountEmail":"288559419949-compute@developer.gserviceaccount.com","retryPolicy":"RETRY_POLICY_DO_NOT_RETRY"},"state":"ACTIVE","updateTime":"2026-05-13T01:02:06.048658963Z","labels":{"deployment-tool":"cli-firebase","firebase-functions-hash":"0241bee9e9daab1730da84f93ab01637123de79d"},"environment":"GEN_2","url":"https://us-central1-larabakery-d98a0.cloudfunctions.net/notifyAdminOnNewOrder","createTime":"2026-05-13T00:36:12.887311968Z","satisfiesPzi":true}]}
[debug] [2026-05-18T20:45:34.672Z] Checked if tokens are valid: true, expires at: 1779140713794
[debug] [2026-05-18T20:45:34.672Z] Checked if tokens are valid: true, expires at: 1779140713794
[debug] [2026-05-18T20:45:34.672Z] >>> [apiv2][query] GET https://firestore.googleapis.com/v1/projects/larabakery-d98a0/databases/(default) [none]
[debug] [2026-05-18T20:45:35.431Z] <<< [apiv2][status] GET https://firestore.googleapis.com/v1/projects/larabakery-d98a0/databases/(default) 200
[debug] [2026-05-18T20:45:35.432Z] <<< [apiv2][body] GET https://firestore.googleapis.com/v1/projects/larabakery-d98a0/databases/(default) {"name":"projects/larabakery-d98a0/databases/(default)","uid":"96c09358-2f9b-4d33-8f64-8d482270b8cb","createTime":"2026-05-08T20:48:33.296873Z","updateTime":"2026-05-08T20:48:33.296873Z","locationId":"nam5","type":"FIRESTORE_NATIVE","concurrencyMode":"PESSIMISTIC","versionRetentionPeriod":"3600s","earliestVersionTime":"2026-05-18T19:45:35.491226Z","appEngineIntegrationMode":"DISABLED","keyPrefix":"s","pointInTimeRecoveryEnablement":"POINT_IN_TIME_RECOVERY_DISABLED","deleteProtectionState":"DELETE_PROTECTION_DISABLED","databaseEdition":"STANDARD","freeTier":true,"realtimeUpdatesMode":"REALTIME_UPDATES_MODE_ENABLED","etag":"IITr3qfaw5QDMM7B+rHIqpQD"}
[info] i  functions: ensuring required API run.googleapis.com is enabled... 
[info] i  functions: ensuring required API eventarc.googleapis.com is enabled... 
[info] i  functions: ensuring required API pubsub.googleapis.com is enabled... 
[info] i  functions: ensuring required API storage.googleapis.com is enabled... 
[info] i  functions: generating the service identity for pubsub.googleapis.com... 
[debug] [2026-05-18T20:45:35.437Z] Checked if tokens are valid: true, expires at: 1779140713794
[debug] [2026-05-18T20:45:35.437Z] Checked if tokens are valid: true, expires at: 1779140713794
[info] i  functions: generating the service identity for eventarc.googleapis.com... 
[debug] [2026-05-18T20:45:35.438Z] Checked if tokens are valid: true, expires at: 1779140713794
[debug] [2026-05-18T20:45:35.438Z] Checked if tokens are valid: true, expires at: 1779140713794
[debug] [2026-05-18T20:45:35.438Z] >>> [apiv2][query] POST https://serviceusage.googleapis.com/v1beta1/projects/288559419949/services/pubsub.googleapis.com:generateServiceIdentity [none]
[debug] [2026-05-18T20:45:35.438Z] >>> [apiv2][(partial)header] POST https://serviceusage.googleapis.com/v1beta1/projects/288559419949/services/pubsub.googleapis.com:generateServiceIdentity  x-goog-user-project=288559419949
[debug] [2026-05-18T20:45:35.438Z] >>> [apiv2][body] POST https://serviceusage.googleapis.com/v1beta1/projects/288559419949/services/pubsub.googleapis.com:generateServiceIdentity {}
[debug] [2026-05-18T20:45:35.440Z] >>> [apiv2][query] POST https://serviceusage.googleapis.com/v1beta1/projects/288559419949/services/eventarc.googleapis.com:generateServiceIdentity [none]
[debug] [2026-05-18T20:45:35.440Z] >>> [apiv2][(partial)header] POST https://serviceusage.googleapis.com/v1beta1/projects/288559419949/services/eventarc.googleapis.com:generateServiceIdentity  x-goog-user-project=288559419949
[debug] [2026-05-18T20:45:35.440Z] >>> [apiv2][body] POST https://serviceusage.googleapis.com/v1beta1/projects/288559419949/services/eventarc.googleapis.com:generateServiceIdentity {}
[debug] [2026-05-18T20:45:36.232Z] <<< [apiv2][status] POST https://serviceusage.googleapis.com/v1beta1/projects/288559419949/services/eventarc.googleapis.com:generateServiceIdentity 200
[debug] [2026-05-18T20:45:36.233Z] <<< [apiv2][body] POST https://serviceusage.googleapis.com/v1beta1/projects/288559419949/services/eventarc.googleapis.com:generateServiceIdentity {"name":"operations/finished.DONE_OPERATION","done":true,"response":{"@type":"type.googleapis.com/google.api.serviceusage.v1beta1.ServiceIdentity","email":"service-288559419949@gcp-sa-eventarc.iam.gserviceaccount.com","uniqueId":"106944187149916101849"}}
[debug] [2026-05-18T20:45:36.358Z] <<< [apiv2][status] POST https://serviceusage.googleapis.com/v1beta1/projects/288559419949/services/pubsub.googleapis.com:generateServiceIdentity 200
[debug] [2026-05-18T20:45:36.358Z] <<< [apiv2][body] POST https://serviceusage.googleapis.com/v1beta1/projects/288559419949/services/pubsub.googleapis.com:generateServiceIdentity {"name":"operations/finished.DONE_OPERATION","done":true,"response":{"@type":"type.googleapis.com/google.api.serviceusage.v1beta1.ServiceIdentity","email":"service-288559419949@gcp-sa-pubsub.iam.gserviceaccount.com","uniqueId":"110771229022544042683"}}
[info] i  functions: ensuring required API secretmanager.googleapis.com is enabled... 
[debug] [2026-05-18T20:45:36.360Z] Checked if tokens are valid: true, expires at: 1779140713794
[debug] [2026-05-18T20:45:36.360Z] Checked if tokens are valid: true, expires at: 1779140713794
[debug] [2026-05-18T20:45:36.360Z] Checked if tokens are valid: true, expires at: 1779140713794
[debug] [2026-05-18T20:45:36.360Z] Checked if tokens are valid: true, expires at: 1779140713794
[debug] [2026-05-18T20:45:36.361Z] >>> [apiv2][query] GET https://secretmanager.googleapis.com/v1/projects/larabakery-d98a0/secrets/GMAIL_USER/versions/latest [none]
[debug] [2026-05-18T20:45:36.361Z] >>> [apiv2][query] GET https://secretmanager.googleapis.com/v1/projects/larabakery-d98a0/secrets/GMAIL_PASS/versions/latest [none]
[debug] [2026-05-18T20:45:36.521Z] <<< [apiv2][status] GET https://secretmanager.googleapis.com/v1/projects/larabakery-d98a0/secrets/GMAIL_USER/versions/latest 200
[debug] [2026-05-18T20:45:36.521Z] <<< [apiv2][body] GET https://secretmanager.googleapis.com/v1/projects/larabakery-d98a0/secrets/GMAIL_USER/versions/latest {"name":"projects/288559419949/secrets/GMAIL_USER/versions/2","createTime":"2026-05-13T00:28:13.062885Z","state":"ENABLED","replicationStatus":{"automatic":{}},"etag":"\"1651a80e17d6e5\""}
[debug] [2026-05-18T20:45:36.522Z] Resolved secret version of GMAIL_USER to 2.
[debug] [2026-05-18T20:45:36.861Z] <<< [apiv2][status] GET https://secretmanager.googleapis.com/v1/projects/larabakery-d98a0/secrets/GMAIL_PASS/versions/latest 200
[debug] [2026-05-18T20:45:36.861Z] <<< [apiv2][body] GET https://secretmanager.googleapis.com/v1/projects/larabakery-d98a0/secrets/GMAIL_PASS/versions/latest {"name":"projects/288559419949/secrets/GMAIL_PASS/versions/2","createTime":"2026-05-13T00:56:42.146085Z","state":"ENABLED","replicationStatus":{"automatic":{}},"etag":"\"1651a873f66125\""}
[debug] [2026-05-18T20:45:36.861Z] Resolved secret version of GMAIL_PASS to 2.
[debug] [2026-05-18T20:45:36.863Z] Checked if tokens are valid: true, expires at: 1779140713794
[debug] [2026-05-18T20:45:36.864Z] Checked if tokens are valid: true, expires at: 1779140713794
[debug] [2026-05-18T20:45:36.864Z] >>> [apiv2][query] GET https://cloudresourcemanager.googleapis.com/v1/projects/larabakery-d98a0 [none]
[debug] [2026-05-18T20:45:37.146Z] <<< [apiv2][status] GET https://cloudresourcemanager.googleapis.com/v1/projects/larabakery-d98a0 200
[debug] [2026-05-18T20:45:37.146Z] <<< [apiv2][body] GET https://cloudresourcemanager.googleapis.com/v1/projects/larabakery-d98a0 {"projectNumber":"288559419949","projectId":"larabakery-d98a0","lifecycleState":"ACTIVE","name":"LaraBakery","labels":{"firebase":"enabled","firebase-core":"disabled"},"createTime":"2026-05-08T20:29:54.304Z"}
[debug] [2026-05-18T20:45:37.147Z] Checked if tokens are valid: true, expires at: 1779140713794
[debug] [2026-05-18T20:45:37.147Z] Checked if tokens are valid: true, expires at: 1779140713794
[debug] [2026-05-18T20:45:37.148Z] >>> [apiv2][query] GET https://compute.googleapis.com/compute/v1/projects/288559419949 [none]
[debug] [2026-05-18T20:45:37.531Z] <<< [apiv2][status] GET https://compute.googleapis.com/compute/v1/projects/288559419949 403
[debug] [2026-05-18T20:45:37.531Z] <<< [apiv2][body] GET https://compute.googleapis.com/compute/v1/projects/288559419949 {"error":{"code":403,"message":"Compute Engine API has not been used in project 288559419949 before or it is disabled. Enable it by visiting https://console.developers.google.com/apis/api/compute.googleapis.com/overview?project=288559419949 then retry. If you enabled this API recently, wait a few minutes for the action to propagate to our systems and retry.","errors":[{"message":"Compute Engine API has not been used in project 288559419949 before or it is disabled. Enable it by visiting https://console.developers.google.com/apis/api/compute.googleapis.com/overview?project=288559419949 then retry. If you enabled this API recently, wait a few minutes for the action to propagate to our systems and retry.","domain":"usageLimits","reason":"accessNotConfigured","extendedHelp":"https://console.developers.google.com"}],"status":"PERMISSION_DENIED","details":[{"@type":"type.googleapis.com/google.rpc.ErrorInfo","reason":"SERVICE_DISABLED","domain":"googleapis.com","metadata":{"serviceTitle":"Compute Engine API","consumer":"projects/288559419949","containerInfo":"288559419949","activationUrl":"https://console.developers.google.com/apis/api/compute.googleapis.com/overview?project=288559419949","service":"compute.googleapis.com"}},{"@type":"type.googleapis.com/google.rpc.LocalizedMessage","locale":"en-US","message":"Compute Engine API has not been used in project 288559419949 before or it is disabled. Enable it by visiting https://console.developers.google.com/apis/api/compute.googleapis.com/overview?project=288559419949 then retry. If you enabled this API recently, wait a few minutes for the action to propagate to our systems and retry."},{"@type":"type.googleapis.com/google.rpc.Help","links":[{"description":"Google developers console API activation","url":"https://console.developers.google.com/apis/api/compute.googleapis.com/overview?project=288559419949"}]}]}}
[debug] [2026-05-18T20:45:37.532Z] unable to look up default compute service account. Falling back to 288559419949-compute@developer.gserviceaccount.com. Error: {"name":"FirebaseError","children":[],"context":{"body":{"error":{"code":403,"message":"Compute Engine API has not been used in project 288559419949 before or it is disabled. Enable it by visiting https://console.developers.google.com/apis/api/compute.googleapis.com/overview?project=288559419949 then retry. If you enabled this API recently, wait a few minutes for the action to propagate to our systems and retry.","errors":[{"message":"Compute Engine API has not been used in project 288559419949 before or it is disabled. Enable it by visiting https://console.developers.google.com/apis/api/compute.googleapis.com/overview?project=288559419949 then retry. If you enabled this API recently, wait a few minutes for the action to propagate to our systems and retry.","domain":"usageLimits","reason":"accessNotConfigured","extendedHelp":"https://console.developers.google.com"}],"status":"PERMISSION_DENIED","details":[{"@type":"type.googleapis.com/google.rpc.ErrorInfo","reason":"SERVICE_DISABLED","domain":"googleapis.com","metadata":{"serviceTitle":"Compute Engine API","consumer":"projects/288559419949","containerInfo":"288559419949","activationUrl":"https://console.developers.google.com/apis/api/compute.googleapis.com/overview?project=288559419949","service":"compute.googleapis.com"}},{"@type":"type.googleapis.com/google.rpc.LocalizedMessage","locale":"en-US","message":"Compute Engine API has not been used in project 288559419949 before or it is disabled. Enable it by visiting https://console.developers.google.com/apis/api/compute.googleapis.com/overview?project=288559419949 then retry. If you enabled this API recently, wait a few minutes for the action to propagate to our systems and retry."},{"@type":"type.googleapis.com/google.rpc.Help","links":[{"description":"Google developers console API activation","url":"https://console.developers.google.com/apis/api/compute.googleapis.com/overview?project=288559419949"}]}]}},"response":{"statusCode":403}},"exit":1,"message":"Request to https://compute.googleapis.com/compute/v1/projects/288559419949 had HTTP Error: 403, Compute Engine API has not been used in project 288559419949 before or it is disabled. Enable it by visiting https://console.developers.google.com/apis/api/compute.googleapis.com/overview?project=288559419949 then retry. If you enabled this API recently, wait a few minutes for the action to propagate to our systems and retry.","status":403}
[debug] [2026-05-18T20:45:37.534Z] Checked if tokens are valid: true, expires at: 1779140713794
[debug] [2026-05-18T20:45:37.534Z] Checked if tokens are valid: true, expires at: 1779140713794
[debug] [2026-05-18T20:45:37.534Z] Checked if tokens are valid: true, expires at: 1779140713794
[debug] [2026-05-18T20:45:37.534Z] Checked if tokens are valid: true, expires at: 1779140713794
[debug] [2026-05-18T20:45:37.534Z] >>> [apiv2][query] GET https://firebasehosting.googleapis.com/v1beta1/projects/larabakery-d98a0/sites/larabakery [none]
[debug] [2026-05-18T20:45:37.535Z] >>> [apiv2][query] GET https://firebasehosting.googleapis.com/v1beta1/projects/larabakery-d98a0/sites/larabakery-d98a0 [none]
[debug] [2026-05-18T20:45:38.699Z] <<< [apiv2][status] GET https://firebasehosting.googleapis.com/v1beta1/projects/larabakery-d98a0/sites/larabakery-d98a0 200
[debug] [2026-05-18T20:45:38.699Z] <<< [apiv2][body] GET https://firebasehosting.googleapis.com/v1beta1/projects/larabakery-d98a0/sites/larabakery-d98a0 {"name":"projects/larabakery-d98a0/sites/larabakery-d98a0","defaultUrl":"https://larabakery-d98a0.web.app","appId":"1:288559419949:web:b0e7e3139318fb0d6c5ea4","type":"DEFAULT_SITE"}
[debug] [2026-05-18T20:45:38.703Z] Checked if tokens are valid: true, expires at: 1779140713794
[debug] [2026-05-18T20:45:38.703Z] Checked if tokens are valid: true, expires at: 1779140713794
[debug] [2026-05-18T20:45:38.703Z] >>> [apiv2][query] POST https://firebasehosting.googleapis.com/v1beta1/projects/-/sites/larabakery-d98a0/versions [none]
[debug] [2026-05-18T20:45:38.703Z] >>> [apiv2][body] POST https://firebasehosting.googleapis.com/v1beta1/projects/-/sites/larabakery-d98a0/versions {"status":"CREATED","labels":{"deployment-tool":"cli-firebase"}}
[debug] [2026-05-18T20:45:38.707Z] <<< [apiv2][status] GET https://firebasehosting.googleapis.com/v1beta1/projects/larabakery-d98a0/sites/larabakery 200
[debug] [2026-05-18T20:45:38.707Z] <<< [apiv2][body] GET https://firebasehosting.googleapis.com/v1beta1/projects/larabakery-d98a0/sites/larabakery {"name":"projects/larabakery-d98a0/sites/larabakery","defaultUrl":"https://larabakery.web.app","appId":"1:288559419949:web:3670b9b2f706b8316c5ea4","type":"USER_SITE"}
[debug] [2026-05-18T20:45:38.710Z] Checked if tokens are valid: true, expires at: 1779140713794
[debug] [2026-05-18T20:45:38.710Z] Checked if tokens are valid: true, expires at: 1779140713794
[debug] [2026-05-18T20:45:38.711Z] >>> [apiv2][query] POST https://firebasehosting.googleapis.com/v1beta1/projects/-/sites/larabakery/versions [none]
[debug] [2026-05-18T20:45:38.711Z] >>> [apiv2][body] POST https://firebasehosting.googleapis.com/v1beta1/projects/-/sites/larabakery/versions {"status":"CREATED","labels":{"deployment-tool":"cli-firebase"}}
[debug] [2026-05-18T20:45:39.607Z] <<< [apiv2][status] POST https://firebasehosting.googleapis.com/v1beta1/projects/-/sites/larabakery/versions 200
[debug] [2026-05-18T20:45:39.607Z] <<< [apiv2][body] POST https://firebasehosting.googleapis.com/v1beta1/projects/-/sites/larabakery/versions {"name":"projects/288559419949/sites/larabakery/versions/69f5adca2b4d42ab","status":"CREATED","config":{},"labels":{"deployment-tool":"cli-firebase"}}
[debug] [2026-05-18T20:45:39.690Z] <<< [apiv2][status] POST https://firebasehosting.googleapis.com/v1beta1/projects/-/sites/larabakery-d98a0/versions 200
[debug] [2026-05-18T20:45:39.691Z] <<< [apiv2][body] POST https://firebasehosting.googleapis.com/v1beta1/projects/-/sites/larabakery-d98a0/versions {"name":"projects/288559419949/sites/larabakery-d98a0/versions/ee5eee907e85c576","status":"CREATED","config":{},"labels":{"deployment-tool":"cli-firebase"}}
[debug] [2026-05-18T20:45:39.692Z] Checked if tokens are valid: true, expires at: 1779140713794
[debug] [2026-05-18T20:45:39.693Z] Checked if tokens are valid: true, expires at: 1779140713794
[debug] [2026-05-18T20:45:39.693Z] >>> [apiv2][query] GET https://firebaserules.googleapis.com/v1/projects/larabakery-d98a0/releases pageSize=10&pageToken=
[debug] [2026-05-18T20:45:40.030Z] <<< [apiv2][status] GET https://firebaserules.googleapis.com/v1/projects/larabakery-d98a0/releases 200
[debug] [2026-05-18T20:45:40.030Z] <<< [apiv2][body] GET https://firebaserules.googleapis.com/v1/projects/larabakery-d98a0/releases {"releases":[{"name":"projects/larabakery-d98a0/releases/cloud.firestore","rulesetName":"projects/larabakery-d98a0/rulesets/e1f3c013-77ea-4e72-baac-74a815c11a82","createTime":"2026-05-08T20:48:34.321680Z","updateTime":"2026-05-13T00:40:03.403335Z"}]}
[debug] [2026-05-18T20:45:40.031Z] Checked if tokens are valid: true, expires at: 1779140713794
[debug] [2026-05-18T20:45:40.031Z] Checked if tokens are valid: true, expires at: 1779140713794
[debug] [2026-05-18T20:45:40.031Z] >>> [apiv2][query] GET https://firebaserules.googleapis.com/v1/projects/larabakery-d98a0/rulesets/e1f3c013-77ea-4e72-baac-74a815c11a82 [none]
[debug] [2026-05-18T20:45:40.260Z] <<< [apiv2][status] GET https://firebaserules.googleapis.com/v1/projects/larabakery-d98a0/rulesets/e1f3c013-77ea-4e72-baac-74a815c11a82 200
[debug] [2026-05-18T20:45:40.260Z] <<< [apiv2][body] GET https://firebaserules.googleapis.com/v1/projects/larabakery-d98a0/rulesets/e1f3c013-77ea-4e72-baac-74a815c11a82 [omitted]
[info] i  firestore: latest version of firestore.rules already up to date, skipping upload... 
[info] i  firestore: deploying indexes... 
[debug] [2026-05-18T20:45:40.263Z] Checked if tokens are valid: true, expires at: 1779140713794
[debug] [2026-05-18T20:45:40.263Z] Checked if tokens are valid: true, expires at: 1779140713794
[debug] [2026-05-18T20:45:40.264Z] >>> [apiv2][query] GET https://firestore.googleapis.com/v1/projects/larabakery-d98a0/databases/(default)/collectionGroups/-/indexes [none]
[debug] [2026-05-18T20:45:40.744Z] <<< [apiv2][status] GET https://firestore.googleapis.com/v1/projects/larabakery-d98a0/databases/(default)/collectionGroups/-/indexes 200
[debug] [2026-05-18T20:45:40.744Z] <<< [apiv2][body] GET https://firestore.googleapis.com/v1/projects/larabakery-d98a0/databases/(default)/collectionGroups/-/indexes {"indexes":[{"name":"projects/larabakery-d98a0/databases/(default)/collectionGroups/orders/indexes/CICAgOjXh4EK","queryScope":"COLLECTION","fields":[{"fieldPath":"user_id","order":"ASCENDING"},{"fieldPath":"requested_delivery_date","order":"DESCENDING"},{"fieldPath":"__name__","order":"DESCENDING"}],"state":"READY","density":"SPARSE_ALL"}]}
[debug] [2026-05-18T20:45:40.744Z] Checked if tokens are valid: true, expires at: 1779140713794
[debug] [2026-05-18T20:45:40.744Z] Checked if tokens are valid: true, expires at: 1779140713794
[debug] [2026-05-18T20:45:40.745Z] >>> [apiv2][query] GET https://firestore.googleapis.com/v1/projects/larabakery-d98a0/databases/(default)/collectionGroups/-/fields?filter=indexConfig.usesAncestorConfig=false OR ttlConfig:* [none]
[debug] [2026-05-18T20:45:40.917Z] <<< [apiv2][status] GET https://firestore.googleapis.com/v1/projects/larabakery-d98a0/databases/(default)/collectionGroups/-/fields?filter=indexConfig.usesAncestorConfig=false OR ttlConfig:* 200
[debug] [2026-05-18T20:45:40.917Z] <<< [apiv2][body] GET https://firestore.googleapis.com/v1/projects/larabakery-d98a0/databases/(default)/collectionGroups/-/fields?filter=indexConfig.usesAncestorConfig=false OR ttlConfig:* {"fields":[{"name":"projects/larabakery-d98a0/databases/(default)/collectionGroups/__default__/fields/*","indexConfig":{"indexes":[{"queryScope":"COLLECTION","fields":[{"fieldPath":"*","order":"ASCENDING"}],"state":"READY"},{"queryScope":"COLLECTION","fields":[{"fieldPath":"*","order":"DESCENDING"}],"state":"READY"},{"queryScope":"COLLECTION","fields":[{"fieldPath":"*","arrayConfig":"CONTAINS"}],"state":"READY"}]}}]}
[debug] [2026-05-18T20:45:40.917Z] Checked if tokens are valid: true, expires at: 1779140713794
[debug] [2026-05-18T20:45:40.917Z] Checked if tokens are valid: true, expires at: 1779140713794
[debug] [2026-05-18T20:45:40.917Z] >>> [apiv2][query] GET https://firestore.googleapis.com/v1/projects/larabakery-d98a0/databases/(default) [none]
[debug] [2026-05-18T20:45:41.080Z] <<< [apiv2][status] GET https://firestore.googleapis.com/v1/projects/larabakery-d98a0/databases/(default) 200
[debug] [2026-05-18T20:45:41.080Z] <<< [apiv2][body] GET https://firestore.googleapis.com/v1/projects/larabakery-d98a0/databases/(default) {"name":"projects/larabakery-d98a0/databases/(default)","uid":"96c09358-2f9b-4d33-8f64-8d482270b8cb","createTime":"2026-05-08T20:48:33.296873Z","updateTime":"2026-05-08T20:48:33.296873Z","locationId":"nam5","type":"FIRESTORE_NATIVE","concurrencyMode":"PESSIMISTIC","versionRetentionPeriod":"3600s","earliestVersionTime":"2026-05-18T19:45:41.143425Z","appEngineIntegrationMode":"DISABLED","keyPrefix":"s","pointInTimeRecoveryEnablement":"POINT_IN_TIME_RECOVERY_DISABLED","deleteProtectionState":"DELETE_PROTECTION_DISABLED","databaseEdition":"STANDARD","freeTier":true,"realtimeUpdatesMode":"REALTIME_UPDATES_MODE_ENABLED","etag":"IIfpt6raw5QDMM7B+rHIqpQD"}
[debug] [2026-05-18T20:45:41.081Z] Skipping existing index: {"collectionGroup":"orders","queryScope":"COLLECTION","fields":[{"fieldPath":"user_id","order":"ASCENDING"},{"fieldPath":"requested_delivery_date","order":"DESCENDING"},{"fieldPath":"__name__","order":"DESCENDING"}]}
[info] ✔  firestore: deployed indexes in firestore.indexes.json successfully for (default) database 
[debug] [2026-05-18T20:45:41.081Z] Checked if tokens are valid: true, expires at: 1779140713794
[debug] [2026-05-18T20:45:41.081Z] Checked if tokens are valid: true, expires at: 1779140713794
[debug] [2026-05-18T20:45:41.082Z] >>> [apiv2][query] GET https://cloudbilling.googleapis.com/v1/projects/larabakery-d98a0/billingInfo [none]
[debug] [2026-05-18T20:45:41.479Z] <<< [apiv2][status] GET https://cloudbilling.googleapis.com/v1/projects/larabakery-d98a0/billingInfo 200
[debug] [2026-05-18T20:45:41.480Z] <<< [apiv2][body] GET https://cloudbilling.googleapis.com/v1/projects/larabakery-d98a0/billingInfo {"name":"projects/larabakery-d98a0/billingInfo","projectId":"larabakery-d98a0","billingAccountName":"billingAccounts/019688-6F17EE-04996B","billingEnabled":true}
[info] i  hosting[larabakery]: beginning deploy... 
[info] i  hosting[larabakery]: found 175 files in out 
[debug] [2026-05-18T20:45:41.505Z] [hosting] uploading with 200 concurrency
[debug] [2026-05-18T20:45:41.633Z] Checked if tokens are valid: true, expires at: 1779140713794
[debug] [2026-05-18T20:45:41.633Z] Checked if tokens are valid: true, expires at: 1779140713794
[debug] [2026-05-18T20:45:41.634Z] [hosting] hash cache [b3V0] stored for 175 files
[debug] [2026-05-18T20:45:41.635Z] [hosting][hash queue][FINAL] {"max":111,"min":10,"avg":17.525714285714283,"active":0,"complete":175,"success":175,"errored":0,"retried":0,"total":175,"elapsed":128}
[debug] [2026-05-18T20:45:41.635Z] >>> [apiv2][query] POST https://firebasehosting.googleapis.com/v1beta1/projects/288559419949/sites/larabakery/versions/69f5adca2b4d42ab:populateFiles [none]
[debug] [2026-05-18T20:45:41.635Z] >>> [apiv2][body] POST https://firebasehosting.googleapis.com/v1beta1/projects/288559419949/sites/larabakery/versions/69f5adca2b4d42ab:populateFiles {"files":{"/robots.txt":"c727caaea697e466701d399aa2ed9325540240db14283358bf58f6270e50633b","/sitemap.xml":"f7118d846c450e511f02b628a993f1b6524194023ffd551214b4819402faada3","/productos.txt":"534c2336f72cdfed567a5835c9a21737170ac51c03bb6270b16eed33436e04e4","/pedido.txt":"898bfd3025bc24aacdd3076f3d44250e00492a04aef01d22558eaf5f573ceb6c","/mis-pedidos.html":"4613c1e9a4b02ad9f4b3198b8845eb0eb30bb98662c29f611326ab8937ba833d","/mis-pedidos.txt":"c62912fb84a5ec396bd891fccda938ec6dd9fbf3d3f26e3b89d8b0b043a687a5","/productos.html":"d3bef0058e544a8015008427bc0b5d06b4ef7f0acfc043b085b3d995ec21258e","/index.txt":"ee01209b25773676d700353e866c2d24cdfd751f4e037a493b79031295125608","/pedido.html":"a61de4a625a57b852cafdd5d8a85a6dfee94e422d55e03044c57e4c58f9ce2c8","/login.txt":"487ab078819b86af92cb98a491e11fddd2139e72e5c0a18bb20a3f4b884c76b0","/_not-found.txt":"eb23d54369e16177427cb762f0de748a1db905c09edc464c4d33ee06cecca140","/__next._tree.txt":"ec4443acec6ec9f4811a28c0f7425786eece8f650f7cf7cbbd86367cdba88adb","/__next._head.txt":"c87ca8bf8c03a6e25ad23d393c8be86397b673a083317890c0a966166355d877","/login.html":"ac9d02e1a8e34a2d89e61ee951ff2425bf3b0eb5021c481bfbdf7908b56e9228","/__next.__PAGE__.txt":"45cb7a95df5b921e5b0cf3d942ff7086687ac25b38ba6d8e832dce3867ad7bbe","/admin.txt":"76229d616f3b6cdfccf4222994476b17cf66c9bf79cdf2c64cc2a88e5dcc4761","/__next._index.txt":"2b095e8c84b7ddde80294c5278c448b5cbeae59d6441c050b09a895e7913ed48","/admin.html":"f3a5a2e2db14e2f11241ab72008c7f8d670b9c8df2a0c38d183031cbed1e2d2a","/index.html":"d568449623773a7e9de93a22e3c20b8d56e734214e3cc77c84147b4216ddce06","/_not-found.html":"593e6fe2e3c915b22090b94aa7dd680490894dc58ff8af74f79da6404082be8b","/productos/torta-zanahoria.txt":"71c628c3b097cf9a80f60ac51373c93fe9c89f914a2b2e8730338e5bcac6c82f","/404.html":"593e6fe2e3c915b22090b94aa7dd680490894dc58ff8af74f79da6404082be8b","/productos/red-velvet.txt":"ea8725048e3b03b1ef2e7144445994b23a8576193d5bd3a7df75b8df8e2ea897","/__next._full.txt":"ee01209b25773676d700353e866c2d24cdfd751f4e037a493b79031295125608","/productos/__next.productos.__PAGE__.txt":"ca9a23a4a25d98ba9ed20072e8022ac50eb2e1a52bdde1ad1a9678b6767428c1","/productos/__next.productos.txt":"7c8bff8a2e44cb06ee55a0f8ec0c1a36abc11ee81d76989f6c3729b7ccdee77a","/productos/torta-maria-luisa.txt":"9c3cc425a8b470e9af0583c4b1e84f207e60a89cc1e034f4d9514a089ca12106","/productos/alfajores-x8.txt":"05b2170022da234642c958e8e10dad6d9bf0d50f533acea7e95f18f4b5a37d46","/productos/torta-maria-luisa.html":"5c089e360ee89b281059b7e78e6347d6d33b81d2d09b5ce5cb8d8ed82fe70be0","/productos/torta-zanahoria.html":"4554a0711cb81a17a37585bd82d1c4ddca75d56bb083599270712af98cfa7d6f","/productos/__next._tree.txt":"35794b2f1ecc6aed3a38b0078731763bcc4bb01c0952e24123b20bf2b3725694","/productos/__next._index.txt":"2b095e8c84b7ddde80294c5278c448b5cbeae59d6441c050b09a895e7913ed48","/productos/torta-zanahoria/__next.productos.$d$id.txt":"7c8bff8a2e44cb06ee55a0f8ec0c1a36abc11ee81d76989f6c3729b7ccdee77a","/productos/__next._head.txt":"9a1c308305a25a0ffc4688a4ec2c464fd12b448ce5728ccdc8f7eb89e8f65505","/productos/torta-zanahoria/__next._tree.txt":"b8d62ff65787d24477716f23ee46176bfd425823b2315168780b0315e860f4c2","/productos/red-velvet.html":"627c21e63112897b75e414bb0afc1736175f2c83bd8d9931024a7e8bb1650e4a","/productos/torta-maria-luisa/__next.productos.$d$id.txt":"7c8bff8a2e44cb06ee55a0f8ec0c1a36abc11ee81d76989f6c3729b7ccdee77a","/productos/torta-zanahoria/__next.productos.$d$id.__PAGE__.txt":"e38a1951c527d1b6af0ddec90cb970311b0b5b25473728708fbc38c417798f11","/productos/alfajores-x8.html":"1c33ac9b2f94ecda5f9e5aa3e88f5bf65a547b4cb445dffdab95117feed1fd7d","/productos/torta-zanahoria/__next._index.txt":"2b095e8c84b7ddde80294c5278c448b5cbeae59d6441c050b09a895e7913ed48","/productos/torta-maria-luisa/__next._tree.txt":"5b449983d184629ea3935605ee289aa3bae26dc402350d90a17e36ba492c7e18","/productos/torta-maria-luisa/__next.productos.txt":"7c8bff8a2e44cb06ee55a0f8ec0c1a36abc11ee81d76989f6c3729b7ccdee77a","/productos/torta-maria-luisa/__next.productos.$d$id.__PAGE__.txt":"374c79738f4200b2bad8fee1328e52af0e3357ecad408ee51995fb596762a0ae","/productos/torta-zanahoria/__next.productos.txt":"7c8bff8a2e44cb06ee55a0f8ec0c1a36abc11ee81d76989f6c3729b7ccdee77a","/productos/torta-maria-luisa/__next._head.txt":"2f5db0fc2c17664c8aa2e1374a8483b018ec1c5ed6d7630b103b4ccb915bc557","/productos/torta-zanahoria/__next._head.txt":"3b3312ba1a4fe5b7852253e1381f444c50aec85e2a9237864131af8336798b39","/productos/__next._full.txt":"534c2336f72cdfed567a5835c9a21737170ac51c03bb6270b16eed33436e04e4","/productos/torta-maria-luisa/__next._index.txt":"2b095e8c84b7ddde80294c5278c448b5cbeae59d6441c050b09a895e7913ed48","/productos/torta-zanahoria/__next._full.txt":"71c628c3b097cf9a80f60ac51373c93fe9c89f914a2b2e8730338e5bcac6c82f","/productos/torta-maria-luisa/__next._full.txt":"9c3cc425a8b470e9af0583c4b1e84f207e60a89cc1e034f4d9514a089ca12106","/productos/red-velvet/__next.productos.txt":"7c8bff8a2e44cb06ee55a0f8ec0c1a36abc11ee81d76989f6c3729b7ccdee77a","/productos/red-velvet/__next.productos.$d$id.txt":"7c8bff8a2e44cb06ee55a0f8ec0c1a36abc11ee81d76989f6c3729b7ccdee77a","/productos/red-velvet/__next.productos.$d$id.__PAGE__.txt":"dc68160620ef4ba8de3c279b79d26e993bbec7a828e82b88e40c66819f737a30","/productos/red-velvet/__next._index.txt":"2b095e8c84b7ddde80294c5278c448b5cbeae59d6441c050b09a895e7913ed48","/productos/red-velvet/__next._tree.txt":"8bd453dda50cc0e19868019cb51f6eaf773eb236ef8507726326b3f3df52ad5a","/productos/red-velvet/__next._head.txt":"464ef4b2fe76dfd4839d376284d46431a832b387e5e96b2dd747aec387ffa5b0","/productos/alfajores-x8/__next.productos.$d$id.txt":"7c8bff8a2e44cb06ee55a0f8ec0c1a36abc11ee81d76989f6c3729b7ccdee77a","/productos/alfajores-x8/__next.productos.txt":"7c8bff8a2e44cb06ee55a0f8ec0c1a36abc11ee81d76989f6c3729b7ccdee77a","/productos/red-velvet/__next._full.txt":"ea8725048e3b03b1ef2e7144445994b23a8576193d5bd3a7df75b8df8e2ea897","/productos/alfajores-x8/__next._tree.txt":"0587dae994e03d6b2c0b5a58a6e5bbd557474782ea3b12da61f73efef533f58e","/productos/alfajores-x8/__next.productos.$d$id.__PAGE__.txt":"fe53ea5a22b263202ff124058a92b2538da384f4fa7a515e404e9a69abf00229","/pedido/__next.pedido.__PAGE__.txt":"e44cde9f66a10c3d96068a0f00b0d994db9a1866343df27b9d761f8c73ca9e71","/pedido/__next.pedido.txt":"7c8bff8a2e44cb06ee55a0f8ec0c1a36abc11ee81d76989f6c3729b7ccdee77a","/productos/alfajores-x8/__next._index.txt":"2b095e8c84b7ddde80294c5278c448b5cbeae59d6441c050b09a895e7913ed48","/pedido/__next._tree.txt":"7ec3a31d58d56085116a38ac589f6d56dbae284afa324af90e7143aff82f837d","/productos/alfajores-x8/__next._head.txt":"ee6dd387f5067ab2c2a21c8b7cb99a4b6e3e06319190e40156d8b5f986f49819","/pedido/__next._head.txt":"760f37310a110b984b186aa88b70dd9db591b2da29dfdeed5d244134022bdcdb","/mis-pedidos/__next.mis-pedidos.txt":"62071fa1ccccc1b6f140622a5674f318509a7c79dee81338e21f991c6c01d29d","/mis-pedidos/__next.mis-pedidos.__PAGE__.txt":"c02f586dc5824bbecb498bc7a66d58c73ea5b3a7abdbb4aa529c66d9dbde0f60","/pedido/__next._index.txt":"2b095e8c84b7ddde80294c5278c448b5cbeae59d6441c050b09a895e7913ed48","/login/__next.login.__PAGE__.txt":"8aaf20b003926d0ea951fe488815309e555a2a7fb013bb73a9b3d52d9fa55bee","/productos/alfajores-x8/__next._full.txt":"05b2170022da234642c958e8e10dad6d9bf0d50f533acea7e95f18f4b5a37d46","/login/__next._tree.txt":"ba1d59187686f450f946d5a1a1dc1ec29329240219dbda848b273d5f45713c27","/mis-pedidos/__next._head.txt":"ac14a8c74ce92ad37f1e691d15854b6a12b9e9ee3287588882e1f17307d4ae37","/login/__next._head.txt":"166781e36015b7afc54bd3a2cb27ca46cd559b69ad269214c20079be9a12f97e","/login/__next.login.txt":"62071fa1ccccc1b6f140622a5674f318509a7c79dee81338e21f991c6c01d29d","/login/__next._index.txt":"2b095e8c84b7ddde80294c5278c448b5cbeae59d6441c050b09a895e7913ed48","/mis-pedidos/__next._tree.txt":"ed714b055e10f11ff190ee3ba4ce69a753ebc434d5df600dbaec2b90fc499dc6","/pedido/__next._full.txt":"898bfd3025bc24aacdd3076f3d44250e00492a04aef01d22558eaf5f573ceb6c","/mis-pedidos/__next._index.txt":"2b095e8c84b7ddde80294c5278c448b5cbeae59d6441c050b09a895e7913ed48","/login/__next._full.txt":"487ab078819b86af92cb98a491e11fddd2139e72e5c0a18bb20a3f4b884c76b0","/mis-pedidos/__next._full.txt":"c62912fb84a5ec396bd891fccda938ec6dd9fbf3d3f26e3b89d8b0b043a687a5","/images/nequi-logo.png":"0968b1cd3f4fce29ef47166656503e1bcad9f2a9af7c81aad0f7ee0660a5e98e","/admin/productos.txt":"dd463c48454d245df81426e4b6203d20cf942fdaa50a2f666063865862a7935a","/admin/reportes.html":"12f1645555f7b55238a7381a37101ac4f280fa5e9c10cfc0437c4a05a02bfbd5","/admin/reportes.txt":"ac1cae8ee912ec9936d98fbf8c96545555dab8a4ddd34d287ff6e0f54a112ca4","/admin/pedidos.txt":"7f54bb3481657e1e902eb29e650a893a84371c052cb9a00f38626aa0750cfffa","/admin/productos.html":"9a0af52ed3398ab8337e1d7943dfb589321c32cba0fa913cedac59039dd2472c","/admin/costos.txt":"1705decffd766fb0bf52d3e4fcb0543ccc0dcd87dd1f7a1f5f2d4023f0523e61","/admin/pedidos.html":"b70735bb60b4f4da687a333378ee1807752c71c1da375c68ad274988f7ca5c98","/admin/costos.html":"e0119a57be3b578fd3267b98acfe9da3a21b7ffc7107fa264bb7646b001e51dc","/admin/__next.admin.txt":"7ad7c6133bb9d636c7a3787dd6f0939b8dcc72db80289274c0c7d14581ea0a91","/admin/__next.admin.__PAGE__.txt":"b8db42b482b5a267947f131c8bd67307def7c8582baf1ec147fd2e1ead9a0acb","/admin/__next._tree.txt":"91813f70674e30457a0c759e19b2969cece2034c1a4530aa28b70b552fdafafa","/admin/__next._head.txt":"5be8e8bff870d933430ab24e6ba1a89c2af64f0fdc46f125cbb70c63e3361326","/admin/__next._index.txt":"2b095e8c84b7ddde80294c5278c448b5cbeae59d6441c050b09a895e7913ed48","/admin/__next._full.txt":"76229d616f3b6cdfccf4222994476b17cf66c9bf79cdf2c64cc2a88e5dcc4761","/admin/reportes/__next.admin.reportes.__PAGE__.txt":"a8469572a47b86278fe1aac0b956ac79b44e984d6202ec28cde1be93ffc6a793","/admin/reportes/__next.admin.reportes.txt":"7c8bff8a2e44cb06ee55a0f8ec0c1a36abc11ee81d76989f6c3729b7ccdee77a","/admin/reportes/__next._tree.txt":"0a8051f3913173b0a5f9a23806bbac44a001354a25923e24fbd69860fad7648c","/admin/reportes/__next.admin.txt":"7ad7c6133bb9d636c7a3787dd6f0939b8dcc72db80289274c0c7d14581ea0a91","/admin/reportes/__next._index.txt":"2b095e8c84b7ddde80294c5278c448b5cbeae59d6441c050b09a895e7913ed48","/admin/reportes/__next._head.txt":"5be8e8bff870d933430ab24e6ba1a89c2af64f0fdc46f125cbb70c63e3361326","/admin/productos/__next.admin.productos.txt":"7c8bff8a2e44cb06ee55a0f8ec0c1a36abc11ee81d76989f6c3729b7ccdee77a","/admin/productos/__next.admin.txt":"7ad7c6133bb9d636c7a3787dd6f0939b8dcc72db80289274c0c7d14581ea0a91","/admin/productos/__next.admin.productos.__PAGE__.txt":"d0633f38ee7767048151537a6f6678ae776d54f2269c36986790b14c710381f7","/admin/reportes/__next._full.txt":"ac1cae8ee912ec9936d98fbf8c96545555dab8a4ddd34d287ff6e0f54a112ca4","/admin/productos/__next._index.txt":"2b095e8c84b7ddde80294c5278c448b5cbeae59d6441c050b09a895e7913ed48","/admin/pedidos/__next.admin.txt":"7ad7c6133bb9d636c7a3787dd6f0939b8dcc72db80289274c0c7d14581ea0a91","/admin/productos/__next._tree.txt":"c429daf2c2634d3a3cb8e1f6c66a6563461a7da6468777707deb300626c92d39","/admin/pedidos/__next.admin.pedidos.txt":"7c8bff8a2e44cb06ee55a0f8ec0c1a36abc11ee81d76989f6c3729b7ccdee77a","/admin/productos/__next._head.txt":"5be8e8bff870d933430ab24e6ba1a89c2af64f0fdc46f125cbb70c63e3361326","/admin/productos/__next._full.txt":"dd463c48454d245df81426e4b6203d20cf942fdaa50a2f666063865862a7935a","/admin/pedidos/__next._tree.txt":"e0da7b180f05f0e8a4794dd85bcd6cbe6afa6572c4f4e318bb1b38376bc19f06","/admin/pedidos/__next.admin.pedidos.__PAGE__.txt":"fe67b6e1f122e4a3d604f422933ac1c5c6ad64d070bad2ebe0741884bf7b1700","/admin/pedidos/__next._head.txt":"5be8e8bff870d933430ab24e6ba1a89c2af64f0fdc46f125cbb70c63e3361326","/admin/pedidos/placeholder.txt":"f6c1f8901cfa0e7515466f060d24990e995e68c8e54fa1d428148149a0d6e09d","/admin/pedidos/__next._index.txt":"2b095e8c84b7ddde80294c5278c448b5cbeae59d6441c050b09a895e7913ed48","/admin/pedidos/placeholder/__next.admin.txt":"7ad7c6133bb9d636c7a3787dd6f0939b8dcc72db80289274c0c7d14581ea0a91","/admin/pedidos/placeholder.html":"b0f44159ce4df873aa26fb167e0c08dc46d0fdadcf30a09eb2b8dc93e4f887a3","/admin/pedidos/placeholder/__next.admin.pedidos.txt":"7c8bff8a2e44cb06ee55a0f8ec0c1a36abc11ee81d76989f6c3729b7ccdee77a","/admin/pedidos/__next._full.txt":"7f54bb3481657e1e902eb29e650a893a84371c052cb9a00f38626aa0750cfffa","/admin/pedidos/placeholder/__next._tree.txt":"4afe1c03b4bc48077e6b821885a058be314d339c395020d3ad80d613810e0921","/admin/pedidos/placeholder/__next.admin.pedidos.$d$id.__PAGE__.txt":"738129682933b1204d860dcd31af851989e0c62404c6d6202a872b1a2f485abc","/admin/pedidos/placeholder/__next.admin.pedidos.$d$id.txt":"7c8bff8a2e44cb06ee55a0f8ec0c1a36abc11ee81d76989f6c3729b7ccdee77a","/admin/pedidos/placeholder/__next._index.txt":"2b095e8c84b7ddde80294c5278c448b5cbeae59d6441c050b09a895e7913ed48","/admin/pedidos/placeholder/__next._full.txt":"f6c1f8901cfa0e7515466f060d24990e995e68c8e54fa1d428148149a0d6e09d","/admin/costos/__next.admin.txt":"7ad7c6133bb9d636c7a3787dd6f0939b8dcc72db80289274c0c7d14581ea0a91","/admin/pedidos/placeholder/__next._head.txt":"5be8e8bff870d933430ab24e6ba1a89c2af64f0fdc46f125cbb70c63e3361326","/admin/costos/__next.admin.costos.txt":"7c8bff8a2e44cb06ee55a0f8ec0c1a36abc11ee81d76989f6c3729b7ccdee77a","/admin/costos/__next._tree.txt":"00dcd5f9d690d07a00fcc8dc3079a594f748b89e86b7e8cb1b153c96bd4ccac4","/admin/costos/__next.admin.costos.__PAGE__.txt":"c540605be7401a94277c7471e0420515cf799b0c2f13732360a81086c599f391","/images/lara-alfajores.jpeg":"c37c7e2ec5002957b1f7feab8f237e7ce133ef91ebc21a6500223e9880327a7c","/admin/costos/__next._head.txt":"5be8e8bff870d933430ab24e6ba1a89c2af64f0fdc46f125cbb70c63e3361326","/_not-found/__next._tree.txt":"e11409ce9897702019c6bc72c979ba819d42d7b803dbb7df8c833975fddc9a5c","/admin/costos/__next._index.txt":"2b095e8c84b7ddde80294c5278c448b5cbeae59d6441c050b09a895e7913ed48","/admin/costos/__next._full.txt":"1705decffd766fb0bf52d3e4fcb0543ccc0dcd87dd1f7a1f5f2d4023f0523e61","/_not-found/__next._not-found.txt":"7c8bff8a2e44cb06ee55a0f8ec0c1a36abc11ee81d76989f6c3729b7ccdee77a","/_not-found/__next._not-found.__PAGE__.txt":"69e81a9a44c23df55b42e099454a436cd66e2ee943c83bead7530a95cb5d284f","/_not-found/__next._head.txt":"657159a898e6cda8a27b02ca100f5c5b179c56e745a58582e0b02dd6bb8874f5","/_next/static/hqNhFm2dslR6sk7po_xPe/_ssgManifest.js":"88748fd69b98aa91a6534e4ebde0b2d82c35f2b5ab5b314a90ab568dc4df53e1","/_not-found/__next._index.txt":"2b095e8c84b7ddde80294c5278c448b5cbeae59d6441c050b09a895e7913ed48","/_next/static/hqNhFm2dslR6sk7po_xPe/_buildManifest.js":"615bff88115b95e28f767491701e61ecffa7e94106127d229aa17a5905c320ed","/_next/static/hqNhFm2dslR6sk7po_xPe/_clientMiddlewareManifest.js":"111d6778f1ad49c6d53d2afe18b83896c7f0692e57e7c959628d3b90d187a887","/_not-found/__next._full.txt":"eb23d54369e16177427cb762f0de748a1db905c09edc464c4d33ee06cecca140","/_next/static/chunks/167v~mclv-8zf.js":"e5a280e5c891a0c9eba31dbe98719ed651b6726816e6a21c880ff43c16c0a075","/_next/static/chunks/11_vyi_qbx8te.js":"91263b6bbd4188c20a21ad70ef32e7daa936cff1214c55a25b98ed1d77096ac4","/_next/static/chunks/turbopack-12.~8qj-u2~fp.js":"d65c9868608def1f966d230bac8a59abee97df81e5e960fbc0533a61c3768a0b","/_next/static/chunks/0~rvb~co1mfsp.js":"4448fb99c5b3d9c8f016b27e023956c955b6d03d44fe5e57f51d1e58389d981e","/_next/static/chunks/0~2q.c99luk29.css":"4739c0f8272b2f930fa4e7c9b2721517d7aacacb53c3cce67ab94b582b9ada6f","/_next/static/chunks/148c9fdns2a2..js":"95513340d5802d95388574b7a40d620035df71f34cff6e678e0c608f3102a263","/_next/static/chunks/0s5lij61bdiq..js":"b269e48c7de5af2e8720ccd54afc1a832148be089a49e5ff97756103e86a443a","/_next/static/chunks/0li3m6lr_7c2..js":"59c67bebbef094747863e87e93693b4bfa217d324ac15a8ed5d4abcdc19659b0","/_next/static/chunks/0m3j629l~rrq..js":"ed790700110fd72125dc6b999b566afe05930ef77ff6a6030663990795fa12c7","/_next/static/chunks/0xi69jcfahh2~.js":"e5bba39656c42f399a2662fb7592a5d55d888764fe7735d529b01b8e52961de5","/_next/static/chunks/0u65b1t3u8_nx.js":"8dd587f531b9a4f36cdc5638350e43689861b859fe1fa378e00cbb581bbcd073","/_next/static/chunks/0tvy6qav9ig.x.js":"96849fb75ed1ac6787263986b4e77487f03dad84732469adf8d5a45e73482aba","/images/QR.jpeg":"e19dbe26929b1c7ef06324cfab24fe72d313012f9686dac6c568220a5d5f62e6","/_next/static/chunks/0h1fb5.4v5cgs.js":"e3ea6debab76a28e637a69a063808b76f49935bc324a791162a41b7a8fb1a527","/_next/static/chunks/0j-1g68bbiu.f.js":"aa8db23e847a78815b41840836bdf5a5b1e5c1edc7eeece31964e1a5ca201425","/_next/static/chunks/04tl4pxbl_nr-.js":"5b4b72de5059a5671882cc2e58a42798c7129a036fe2b5cdc70d00809c246c97","/_next/static/chunks/02x~nqfmmos7v.js":"760fe76769a5f5e358ac2515e445e478ed60f4ba478ab0a238f6bff06f540c2e","/_next/static/chunks/01xlw8hd842-c.js":"883d54208433190e2bc04447143fa49fc641ca7d925184cf91cf3157b8a34901","/_next/static/chunks/00fh0l30k-2f_.js":"15364d3699cf2e4cf1c331a499202ef43e933d752bc536675ca55b1495474f32","/images/Alfajores.jpeg":"078ff24d72223fdc379c3e79ef918cad7921e5c3180fe013dd90c8a3d7f8c853","/images/Red_velvet.jpeg":"2b1b3f04c0e795c327f978212fe47393fb8a30fb289f6a7f215ea3c12e31175e","/_next/static/chunks/03~yq9q893hmn.js":"bea630d9824beca22855271c757404b58bb7b410c52a5e7d58d69ff26d9ddd0b","/_next/static/chunks/0mmsd47xe~1uj.js":"50f03372eb73418d6ee9557ec109d6416e6843e42110ccf081b70926b7aba6d2","/images/torta_zanahoria.jpeg":"81fe6508e66b1c25ee689d608aaf4f056cd94681d6ca6195b35ef537471e9901","/images/lara-bakery-logo.jpeg":"9d3df2760f59ee269c94705745847cc6d2d006f0bb7b3702f85f21151919ce2b","/_next/static/chunks/10u3y4bw1ayzs.js":"7b59fbe5b59aec4fa5f7d03729cbac863e2eae049b7a10585b8297b0167c075e","/_next/static/chunks/0_56tbjqgzrj2.js":"f792dde3a5074ed7a1ec3bd460b71e60487f31473823fef2893a66fd00132baa","/images/maria_luisa.PNG":"c98e640daf43e92ff3e6024e36ddaef6049de8bc39d063819fc7e8aceb8a8f62","/images/alfajores_bolsa.PNG":"42dbe9982e9de1e24f78a46bfe63a32b79afd1c51538762316d0bf33fb8c3865","/images/torta_zanahoria.PNG":"b95548c012baf3679c8bbcd849524754bb0f6eb69bb76a32b12fbb309947d43e"}}
[debug] [2026-05-18T20:45:42.290Z] <<< [apiv2][status] POST https://firebasehosting.googleapis.com/v1beta1/projects/288559419949/sites/larabakery/versions/69f5adca2b4d42ab:populateFiles 200
[debug] [2026-05-18T20:45:42.290Z] <<< [apiv2][body] POST https://firebasehosting.googleapis.com/v1beta1/projects/288559419949/sites/larabakery/versions/69f5adca2b4d42ab:populateFiles {"uploadRequiredHashes":["e38a1951c527d1b6af0ddec90cb970311b0b5b25473728708fbc38c417798f11","8bd453dda50cc0e19868019cb51f6eaf773eb236ef8507726326b3f3df52ad5a","7ad7c6133bb9d636c7a3787dd6f0939b8dcc72db80289274c0c7d14581ea0a91","898bfd3025bc24aacdd3076f3d44250e00492a04aef01d22558eaf5f573ceb6c","9c3cc425a8b470e9af0583c4b1e84f207e60a89cc1e034f4d9514a089ca12106","fe67b6e1f122e4a3d604f422933ac1c5c6ad64d070bad2ebe0741884bf7b1700","657159a898e6cda8a27b02ca100f5c5b179c56e745a58582e0b02dd6bb8874f5","0587dae994e03d6b2c0b5a58a6e5bbd557474782ea3b12da61f73efef533f58e","2b095e8c84b7ddde80294c5278c448b5cbeae59d6441c050b09a895e7913ed48","593e6fe2e3c915b22090b94aa7dd680490894dc58ff8af74f79da6404082be8b","e11409ce9897702019c6bc72c979ba819d42d7b803dbb7df8c833975fddc9a5c","b70735bb60b4f4da687a333378ee1807752c71c1da375c68ad274988f7ca5c98","ba1d59187686f450f946d5a1a1dc1ec29329240219dbda848b273d5f45713c27","7c8bff8a2e44cb06ee55a0f8ec0c1a36abc11ee81d76989f6c3729b7ccdee77a","5be8e8bff870d933430ab24e6ba1a89c2af64f0fdc46f125cbb70c63e3361326","627c21e63112897b75e414bb0afc1736175f2c83bd8d9931024a7e8bb1650e4a","d3bef0058e544a8015008427bc0b5d06b4ef7f0acfc043b085b3d995ec21258e","a61de4a625a57b852cafdd5d8a85a6dfee94e422d55e03044c57e4c58f9ce2c8","b0f44159ce4df873aa26fb167e0c08dc46d0fdadcf30a09eb2b8dc93e4f887a3","00dcd5f9d690d07a00fcc8dc3079a594f748b89e86b7e8cb1b153c96bd4ccac4","dc68160620ef4ba8de3c279b79d26e993bbec7a828e82b88e40c66819f737a30","69e81a9a44c23df55b42e099454a436cd66e2ee943c83bead7530a95cb5d284f","9a0af52ed3398ab8337e1d7943dfb589321c32cba0fa913cedac59039dd2472c","c87ca8bf8c03a6e25ad23d393c8be86397b673a083317890c0a966166355d877","3b3312ba1a4fe5b7852253e1381f444c50aec85e2a9237864131af8336798b39","d0633f38ee7767048151537a6f6678ae776d54f2269c36986790b14c710381f7","1705decffd766fb0bf52d3e4fcb0543ccc0dcd87dd1f7a1f5f2d4023f0523e61","71c628c3b097cf9a80f60ac51373c93fe9c89f914a2b2e8730338e5bcac6c82f","e44cde9f66a10c3d96068a0f00b0d994db9a1866343df27b9d761f8c73ca9e71","f792dde3a5074ed7a1ec3bd460b71e60487f31473823fef2893a66fd00132baa","ee6dd387f5067ab2c2a21c8b7cb99a4b6e3e06319190e40156d8b5f986f49819","5c089e360ee89b281059b7e78e6347d6d33b81d2d09b5ce5cb8d8ed82fe70be0","ec4443acec6ec9f4811a28c0f7425786eece8f650f7cf7cbbd86367cdba88adb","c62912fb84a5ec396bd891fccda938ec6dd9fbf3d3f26e3b89d8b0b043a687a5","374c79738f4200b2bad8fee1328e52af0e3357ecad408ee51995fb596762a0ae","2f5db0fc2c17664c8aa2e1374a8483b018ec1c5ed6d7630b103b4ccb915bc557","1c33ac9b2f94ecda5f9e5aa3e88f5bf65a547b4cb445dffdab95117feed1fd7d","0a8051f3913173b0a5f9a23806bbac44a001354a25923e24fbd69860fad7648c","487ab078819b86af92cb98a491e11fddd2139e72e5c0a18bb20a3f4b884c76b0","4554a0711cb81a17a37585bd82d1c4ddca75d56bb083599270712af98cfa7d6f","760f37310a110b984b186aa88b70dd9db591b2da29dfdeed5d244134022bdcdb","e0da7b180f05f0e8a4794dd85bcd6cbe6afa6572c4f4e318bb1b38376bc19f06","b95548c012baf3679c8bbcd849524754bb0f6eb69bb76a32b12fbb309947d43e","f3a5a2e2db14e2f11241ab72008c7f8d670b9c8df2a0c38d183031cbed1e2d2a","5b449983d184629ea3935605ee289aa3bae26dc402350d90a17e36ba492c7e18","eb23d54369e16177427cb762f0de748a1db905c09edc464c4d33ee06cecca140","4613c1e9a4b02ad9f4b3198b8845eb0eb30bb98662c29f611326ab8937ba833d","7f54bb3481657e1e902eb29e650a893a84371c052cb9a00f38626aa0750cfffa","b8db42b482b5a267947f131c8bd67307def7c8582baf1ec147fd2e1ead9a0acb","91813f70674e30457a0c759e19b2969cece2034c1a4530aa28b70b552fdafafa","7ec3a31d58d56085116a38ac589f6d56dbae284afa324af90e7143aff82f837d","534c2336f72cdfed567a5835c9a21737170ac51c03bb6270b16eed33436e04e4","62071fa1ccccc1b6f140622a5674f318509a7c79dee81338e21f991c6c01d29d","464ef4b2fe76dfd4839d376284d46431a832b387e5e96b2dd747aec387ffa5b0","4afe1c03b4bc48077e6b821885a058be314d339c395020d3ad80d613810e0921","f7118d846c450e511f02b628a993f1b6524194023ffd551214b4819402faada3","05b2170022da234642c958e8e10dad6d9bf0d50f533acea7e95f18f4b5a37d46","c98e640daf43e92ff3e6024e36ddaef6049de8bc39d063819fc7e8aceb8a8f62","c429daf2c2634d3a3cb8e1f6c66a6563461a7da6468777707deb300626c92d39","f6c1f8901cfa0e7515466f060d24990e995e68c8e54fa1d428148149a0d6e09d","45cb7a95df5b921e5b0cf3d942ff7086687ac25b38ba6d8e832dce3867ad7bbe","dd463c48454d245df81426e4b6203d20cf942fdaa50a2f666063865862a7935a","e0119a57be3b578fd3267b98acfe9da3a21b7ffc7107fa264bb7646b001e51dc","12f1645555f7b55238a7381a37101ac4f280fa5e9c10cfc0437c4a05a02bfbd5","8aaf20b003926d0ea951fe488815309e555a2a7fb013bb73a9b3d52d9fa55bee","ac14a8c74ce92ad37f1e691d15854b6a12b9e9ee3287588882e1f17307d4ae37","ea8725048e3b03b1ef2e7144445994b23a8576193d5bd3a7df75b8df8e2ea897","ee01209b25773676d700353e866c2d24cdfd751f4e037a493b79031295125608","ac1cae8ee912ec9936d98fbf8c96545555dab8a4ddd34d287ff6e0f54a112ca4","c540605be7401a94277c7471e0420515cf799b0c2f13732360a81086c599f391","ed714b055e10f11ff190ee3ba4ce69a753ebc434d5df600dbaec2b90fc499dc6","9a1c308305a25a0ffc4688a4ec2c464fd12b448ce5728ccdc8f7eb89e8f65505","35794b2f1ecc6aed3a38b0078731763bcc4bb01c0952e24123b20bf2b3725694","c02f586dc5824bbecb498bc7a66d58c73ea5b3a7abdbb4aa529c66d9dbde0f60","d568449623773a7e9de93a22e3c20b8d56e734214e3cc77c84147b4216ddce06","42dbe9982e9de1e24f78a46bfe63a32b79afd1c51538762316d0bf33fb8c3865","a8469572a47b86278fe1aac0b956ac79b44e984d6202ec28cde1be93ffc6a793","ca9a23a4a25d98ba9ed20072e8022ac50eb2e1a52bdde1ad1a9678b6767428c1","ac9d02e1a8e34a2d89e61ee951ff2425bf3b0eb5021c481bfbdf7908b56e9228","fe53ea5a22b263202ff124058a92b2538da384f4fa7a515e404e9a69abf00229","76229d616f3b6cdfccf4222994476b17cf66c9bf79cdf2c64cc2a88e5dcc4761","166781e36015b7afc54bd3a2cb27ca46cd559b69ad269214c20079be9a12f97e","738129682933b1204d860dcd31af851989e0c62404c6d6202a872b1a2f485abc","b8d62ff65787d24477716f23ee46176bfd425823b2315168780b0315e860f4c2"],"uploadUrl":"https://upload-firebasehosting.googleapis.com/upload/sites/larabakery/versions/69f5adca2b4d42ab/files"}
[debug] [2026-05-18T20:45:42.291Z] Checked if tokens are valid: true, expires at: 1779140713794
[debug] [2026-05-18T20:45:42.291Z] Checked if tokens are valid: true, expires at: 1779140713794
[debug] [2026-05-18T20:45:42.291Z] Checked if tokens are valid: true, expires at: 1779140713794
[debug] [2026-05-18T20:45:42.291Z] Checked if tokens are valid: true, expires at: 1779140713794
[debug] [2026-05-18T20:45:42.292Z] Checked if tokens are valid: true, expires at: 1779140713794
[debug] [2026-05-18T20:45:42.292Z] Checked if tokens are valid: true, expires at: 1779140713794
[debug] [2026-05-18T20:45:42.293Z] Checked if tokens are valid: true, expires at: 1779140713794
[debug] [2026-05-18T20:45:42.293Z] Checked if tokens are valid: true, expires at: 1779140713794
[debug] [2026-05-18T20:45:42.296Z] Checked if tokens are valid: true, expires at: 1779140713794
[debug] [2026-05-18T20:45:42.296Z] Checked if tokens are valid: true, expires at: 1779140713794
[debug] [2026-05-18T20:45:42.297Z] Checked if tokens are valid: true, expires at: 1779140713794
[debug] [2026-05-18T20:45:42.297Z] Checked if tokens are valid: true, expires at: 1779140713794
[debug] [2026-05-18T20:45:42.297Z] Checked if tokens are valid: true, expires at: 1779140713794
[debug] [2026-05-18T20:45:42.297Z] Checked if tokens are valid: true, expires at: 1779140713794
[debug] [2026-05-18T20:45:42.297Z] Checked if tokens are valid: true, expires at: 1779140713794
[debug] [2026-05-18T20:45:42.297Z] Checked if tokens are valid: true, expires at: 1779140713794
[debug] [2026-05-18T20:45:42.298Z] Checked if tokens are valid: true, expires at: 1779140713794
[debug] [2026-05-18T20:45:42.298Z] Checked if tokens are valid: true, expires at: 1779140713794
[debug] [2026-05-18T20:45:42.298Z] Checked if tokens are valid: true, expires at: 1779140713794
[debug] [2026-05-18T20:45:42.298Z] Checked if tokens are valid: true, expires at: 1779140713794
[debug] [2026-05-18T20:45:42.298Z] Checked if tokens are valid: true, expires at: 1779140713794
[debug] [2026-05-18T20:45:42.298Z] Checked if tokens are valid: true, expires at: 1779140713794
[debug] [2026-05-18T20:45:42.299Z] Checked if tokens are valid: true, expires at: 1779140713794
[debug] [2026-05-18T20:45:42.299Z] Checked if tokens are valid: true, expires at: 1779140713794
[debug] [2026-05-18T20:45:42.299Z] Checked if tokens are valid: true, expires at: 1779140713794
[debug] [2026-05-18T20:45:42.299Z] Checked if tokens are valid: true, expires at: 1779140713794
[debug] [2026-05-18T20:45:42.300Z] Checked if tokens are valid: true, expires at: 1779140713794
[debug] [2026-05-18T20:45:42.300Z] Checked if tokens are valid: true, expires at: 1779140713794
[debug] [2026-05-18T20:45:42.302Z] Checked if tokens are valid: true, expires at: 1779140713794
[debug] [2026-05-18T20:45:42.302Z] Checked if tokens are valid: true, expires at: 1779140713794
[debug] [2026-05-18T20:45:42.303Z] Checked if tokens are valid: true, expires at: 1779140713794
[debug] [2026-05-18T20:45:42.303Z] Checked if tokens are valid: true, expires at: 1779140713794
[debug] [2026-05-18T20:45:42.304Z] Checked if tokens are valid: true, expires at: 1779140713794
[debug] [2026-05-18T20:45:42.304Z] Checked if tokens are valid: true, expires at: 1779140713794
[debug] [2026-05-18T20:45:42.304Z] Checked if tokens are valid: true, expires at: 1779140713794
[debug] [2026-05-18T20:45:42.304Z] Checked if tokens are valid: true, expires at: 1779140713794
[debug] [2026-05-18T20:45:42.304Z] Checked if tokens are valid: true, expires at: 1779140713794
[debug] [2026-05-18T20:45:42.305Z] Checked if tokens are valid: true, expires at: 1779140713794
[debug] [2026-05-18T20:45:42.305Z] Checked if tokens are valid: true, expires at: 1779140713794
[debug] [2026-05-18T20:45:42.305Z] Checked if tokens are valid: true, expires at: 1779140713794
[debug] [2026-05-18T20:45:42.305Z] Checked if tokens are valid: true, expires at: 1779140713794
[debug] [2026-05-18T20:45:42.305Z] Checked if tokens are valid: true, expires at: 1779140713794
[debug] [2026-05-18T20:45:42.305Z] Checked if tokens are valid: true, expires at: 1779140713794
[debug] [2026-05-18T20:45:42.305Z] Checked if tokens are valid: true, expires at: 1779140713794
[debug] [2026-05-18T20:45:42.306Z] Checked if tokens are valid: true, expires at: 1779140713794
[debug] [2026-05-18T20:45:42.306Z] Checked if tokens are valid: true, expires at: 1779140713794
[debug] [2026-05-18T20:45:42.306Z] Checked if tokens are valid: true, expires at: 1779140713794
[debug] [2026-05-18T20:45:42.306Z] Checked if tokens are valid: true, expires at: 1779140713794
[debug] [2026-05-18T20:45:42.306Z] Checked if tokens are valid: true, expires at: 1779140713794
[debug] [2026-05-18T20:45:42.306Z] Checked if tokens are valid: true, expires at: 1779140713794
[debug] [2026-05-18T20:45:42.307Z] Checked if tokens are valid: true, expires at: 1779140713794
[debug] [2026-05-18T20:45:42.307Z] Checked if tokens are valid: true, expires at: 1779140713794
[debug] [2026-05-18T20:45:42.307Z] Checked if tokens are valid: true, expires at: 1779140713794
[debug] [2026-05-18T20:45:42.308Z] Checked if tokens are valid: true, expires at: 1779140713794
[debug] [2026-05-18T20:45:42.308Z] Checked if tokens are valid: true, expires at: 1779140713794
[debug] [2026-05-18T20:45:42.308Z] Checked if tokens are valid: true, expires at: 1779140713794
[debug] [2026-05-18T20:45:42.308Z] Checked if tokens are valid: true, expires at: 1779140713794
[debug] [2026-05-18T20:45:42.308Z] Checked if tokens are valid: true, expires at: 1779140713794
[debug] [2026-05-18T20:45:42.308Z] Checked if tokens are valid: true, expires at: 1779140713794
[debug] [2026-05-18T20:45:42.308Z] Checked if tokens are valid: true, expires at: 1779140713794
[debug] [2026-05-18T20:45:42.309Z] Checked if tokens are valid: true, expires at: 1779140713794
[debug] [2026-05-18T20:45:42.309Z] Checked if tokens are valid: true, expires at: 1779140713794
[debug] [2026-05-18T20:45:42.309Z] Checked if tokens are valid: true, expires at: 1779140713794
[debug] [2026-05-18T20:45:42.309Z] Checked if tokens are valid: true, expires at: 1779140713794
[debug] [2026-05-18T20:45:42.310Z] Checked if tokens are valid: true, expires at: 1779140713794
[debug] [2026-05-18T20:45:42.310Z] Checked if tokens are valid: true, expires at: 1779140713794
[debug] [2026-05-18T20:45:42.310Z] Checked if tokens are valid: true, expires at: 1779140713794
[debug] [2026-05-18T20:45:42.310Z] Checked if tokens are valid: true, expires at: 1779140713794
[debug] [2026-05-18T20:45:42.310Z] Checked if tokens are valid: true, expires at: 1779140713794
[debug] [2026-05-18T20:45:42.310Z] Checked if tokens are valid: true, expires at: 1779140713794
[debug] [2026-05-18T20:45:42.310Z] Checked if tokens are valid: true, expires at: 1779140713794
[debug] [2026-05-18T20:45:42.310Z] Checked if tokens are valid: true, expires at: 1779140713794
[debug] [2026-05-18T20:45:42.310Z] Checked if tokens are valid: true, expires at: 1779140713794
[debug] [2026-05-18T20:45:42.310Z] Checked if tokens are valid: true, expires at: 1779140713794
[debug] [2026-05-18T20:45:42.310Z] Checked if tokens are valid: true, expires at: 1779140713794
[debug] [2026-05-18T20:45:42.310Z] Checked if tokens are valid: true, expires at: 1779140713794
[debug] [2026-05-18T20:45:42.311Z] Checked if tokens are valid: true, expires at: 1779140713794
[debug] [2026-05-18T20:45:42.311Z] Checked if tokens are valid: true, expires at: 1779140713794
[debug] [2026-05-18T20:45:42.311Z] Checked if tokens are valid: true, expires at: 1779140713794
[debug] [2026-05-18T20:45:42.311Z] Checked if tokens are valid: true, expires at: 1779140713794
[debug] [2026-05-18T20:45:42.311Z] Checked if tokens are valid: true, expires at: 1779140713794
[debug] [2026-05-18T20:45:42.311Z] Checked if tokens are valid: true, expires at: 1779140713794
[debug] [2026-05-18T20:45:42.311Z] Checked if tokens are valid: true, expires at: 1779140713794
[debug] [2026-05-18T20:45:42.311Z] Checked if tokens are valid: true, expires at: 1779140713794
[debug] [2026-05-18T20:45:42.311Z] Checked if tokens are valid: true, expires at: 1779140713794
[debug] [2026-05-18T20:45:42.311Z] Checked if tokens are valid: true, expires at: 1779140713794
[debug] [2026-05-18T20:45:42.311Z] Checked if tokens are valid: true, expires at: 1779140713794
[debug] [2026-05-18T20:45:42.311Z] Checked if tokens are valid: true, expires at: 1779140713794
[debug] [2026-05-18T20:45:42.312Z] Checked if tokens are valid: true, expires at: 1779140713794
[debug] [2026-05-18T20:45:42.312Z] Checked if tokens are valid: true, expires at: 1779140713794
[debug] [2026-05-18T20:45:42.312Z] Checked if tokens are valid: true, expires at: 1779140713794
[debug] [2026-05-18T20:45:42.312Z] Checked if tokens are valid: true, expires at: 1779140713794
[debug] [2026-05-18T20:45:42.312Z] Checked if tokens are valid: true, expires at: 1779140713794
[debug] [2026-05-18T20:45:42.312Z] Checked if tokens are valid: true, expires at: 1779140713794
[debug] [2026-05-18T20:45:42.312Z] Checked if tokens are valid: true, expires at: 1779140713794
[debug] [2026-05-18T20:45:42.312Z] Checked if tokens are valid: true, expires at: 1779140713794
[debug] [2026-05-18T20:45:42.312Z] Checked if tokens are valid: true, expires at: 1779140713794
[debug] [2026-05-18T20:45:42.312Z] Checked if tokens are valid: true, expires at: 1779140713794
[debug] [2026-05-18T20:45:42.312Z] Checked if tokens are valid: true, expires at: 1779140713794
[debug] [2026-05-18T20:45:42.312Z] Checked if tokens are valid: true, expires at: 1779140713794
[debug] [2026-05-18T20:45:42.312Z] Checked if tokens are valid: true, expires at: 1779140713794
[debug] [2026-05-18T20:45:42.312Z] Checked if tokens are valid: true, expires at: 1779140713794
[debug] [2026-05-18T20:45:42.312Z] Checked if tokens are valid: true, expires at: 1779140713794
[debug] [2026-05-18T20:45:42.312Z] Checked if tokens are valid: true, expires at: 1779140713794
[debug] [2026-05-18T20:45:42.312Z] Checked if tokens are valid: true, expires at: 1779140713794
[debug] [2026-05-18T20:45:42.312Z] Checked if tokens are valid: true, expires at: 1779140713794
[debug] [2026-05-18T20:45:42.312Z] Checked if tokens are valid: true, expires at: 1779140713794
[debug] [2026-05-18T20:45:42.312Z] Checked if tokens are valid: true, expires at: 1779140713794
[debug] [2026-05-18T20:45:42.313Z] Checked if tokens are valid: true, expires at: 1779140713794
[debug] [2026-05-18T20:45:42.313Z] Checked if tokens are valid: true, expires at: 1779140713794
[debug] [2026-05-18T20:45:42.313Z] Checked if tokens are valid: true, expires at: 1779140713794
[debug] [2026-05-18T20:45:42.313Z] Checked if tokens are valid: true, expires at: 1779140713794
[debug] [2026-05-18T20:45:42.313Z] Checked if tokens are valid: true, expires at: 1779140713794
[debug] [2026-05-18T20:45:42.314Z] Checked if tokens are valid: true, expires at: 1779140713794
[debug] [2026-05-18T20:45:42.314Z] Checked if tokens are valid: true, expires at: 1779140713794
[debug] [2026-05-18T20:45:42.314Z] Checked if tokens are valid: true, expires at: 1779140713794
[debug] [2026-05-18T20:45:42.315Z] Checked if tokens are valid: true, expires at: 1779140713794
[debug] [2026-05-18T20:45:42.315Z] Checked if tokens are valid: true, expires at: 1779140713794
[debug] [2026-05-18T20:45:42.317Z] Checked if tokens are valid: true, expires at: 1779140713794
[debug] [2026-05-18T20:45:42.317Z] Checked if tokens are valid: true, expires at: 1779140713794
[debug] [2026-05-18T20:45:42.318Z] Checked if tokens are valid: true, expires at: 1779140713794
[debug] [2026-05-18T20:45:42.319Z] Checked if tokens are valid: true, expires at: 1779140713794
[debug] [2026-05-18T20:45:42.320Z] Checked if tokens are valid: true, expires at: 1779140713794
[debug] [2026-05-18T20:45:42.320Z] Checked if tokens are valid: true, expires at: 1779140713794
[debug] [2026-05-18T20:45:42.321Z] Checked if tokens are valid: true, expires at: 1779140713794
[debug] [2026-05-18T20:45:42.321Z] Checked if tokens are valid: true, expires at: 1779140713794
[debug] [2026-05-18T20:45:42.327Z] Checked if tokens are valid: true, expires at: 1779140713794
[debug] [2026-05-18T20:45:42.327Z] Checked if tokens are valid: true, expires at: 1779140713794
[debug] [2026-05-18T20:45:42.328Z] Checked if tokens are valid: true, expires at: 1779140713794
[debug] [2026-05-18T20:45:42.330Z] Checked if tokens are valid: true, expires at: 1779140713794
[debug] [2026-05-18T20:45:42.332Z] Checked if tokens are valid: true, expires at: 1779140713794
[debug] [2026-05-18T20:45:42.332Z] Checked if tokens are valid: true, expires at: 1779140713794
[debug] [2026-05-18T20:45:42.333Z] Checked if tokens are valid: true, expires at: 1779140713794
[debug] [2026-05-18T20:45:42.334Z] Checked if tokens are valid: true, expires at: 1779140713794
[debug] [2026-05-18T20:45:42.336Z] Checked if tokens are valid: true, expires at: 1779140713794
[debug] [2026-05-18T20:45:42.336Z] Checked if tokens are valid: true, expires at: 1779140713794
[debug] [2026-05-18T20:45:42.336Z] Checked if tokens are valid: true, expires at: 1779140713794
[debug] [2026-05-18T20:45:42.339Z] Checked if tokens are valid: true, expires at: 1779140713794
[debug] [2026-05-18T20:45:42.349Z] Checked if tokens are valid: true, expires at: 1779140713794
[debug] [2026-05-18T20:45:42.350Z] Checked if tokens are valid: true, expires at: 1779140713794
[debug] [2026-05-18T20:45:42.352Z] Checked if tokens are valid: true, expires at: 1779140713794
[debug] [2026-05-18T20:45:42.352Z] Checked if tokens are valid: true, expires at: 1779140713794
[debug] [2026-05-18T20:45:42.352Z] Checked if tokens are valid: true, expires at: 1779140713794
[debug] [2026-05-18T20:45:42.352Z] Checked if tokens are valid: true, expires at: 1779140713794
[debug] [2026-05-18T20:45:42.352Z] Checked if tokens are valid: true, expires at: 1779140713794
[debug] [2026-05-18T20:45:42.352Z] Checked if tokens are valid: true, expires at: 1779140713794
[debug] [2026-05-18T20:45:42.352Z] Checked if tokens are valid: true, expires at: 1779140713794
[debug] [2026-05-18T20:45:42.352Z] Checked if tokens are valid: true, expires at: 1779140713794
[debug] [2026-05-18T20:45:42.352Z] Checked if tokens are valid: true, expires at: 1779140713794
[debug] [2026-05-18T20:45:42.352Z] Checked if tokens are valid: true, expires at: 1779140713794
[debug] [2026-05-18T20:45:42.352Z] Checked if tokens are valid: true, expires at: 1779140713794
[debug] [2026-05-18T20:45:42.352Z] Checked if tokens are valid: true, expires at: 1779140713794
[debug] [2026-05-18T20:45:42.352Z] Checked if tokens are valid: true, expires at: 1779140713794
[debug] [2026-05-18T20:45:42.352Z] Checked if tokens are valid: true, expires at: 1779140713794
[debug] [2026-05-18T20:45:42.352Z] Checked if tokens are valid: true, expires at: 1779140713794
[debug] [2026-05-18T20:45:42.352Z] Checked if tokens are valid: true, expires at: 1779140713794
[debug] [2026-05-18T20:45:42.352Z] Checked if tokens are valid: true, expires at: 1779140713794
[debug] [2026-05-18T20:45:42.352Z] Checked if tokens are valid: true, expires at: 1779140713794
[debug] [2026-05-18T20:45:42.352Z] Checked if tokens are valid: true, expires at: 1779140713794
[debug] [2026-05-18T20:45:42.352Z] Checked if tokens are valid: true, expires at: 1779140713794
[debug] [2026-05-18T20:45:42.352Z] Checked if tokens are valid: true, expires at: 1779140713794
[debug] [2026-05-18T20:45:42.352Z] Checked if tokens are valid: true, expires at: 1779140713794
[debug] [2026-05-18T20:45:42.352Z] Checked if tokens are valid: true, expires at: 1779140713794
[debug] [2026-05-18T20:45:42.352Z] Checked if tokens are valid: true, expires at: 1779140713794
[debug] [2026-05-18T20:45:42.353Z] Checked if tokens are valid: true, expires at: 1779140713794
[debug] [2026-05-18T20:45:42.353Z] Checked if tokens are valid: true, expires at: 1779140713794
[debug] [2026-05-18T20:45:42.353Z] Checked if tokens are valid: true, expires at: 1779140713794
[debug] [2026-05-18T20:45:42.353Z] Checked if tokens are valid: true, expires at: 1779140713794
[debug] [2026-05-18T20:45:42.353Z] >>> [apiv2][query] POST https://upload-firebasehosting.googleapis.com/upload/sites/larabakery/versions/69f5adca2b4d42ab/files/e38a1951c527d1b6af0ddec90cb970311b0b5b25473728708fbc38c417798f11 [none]
[debug] [2026-05-18T20:45:42.353Z] >>> [apiv2][body] POST https://upload-firebasehosting.googleapis.com/upload/sites/larabakery/versions/69f5adca2b4d42ab/files/e38a1951c527d1b6af0ddec90cb970311b0b5b25473728708fbc38c417798f11 [stream]
[debug] [2026-05-18T20:45:42.353Z] >>> [apiv2][query] POST https://upload-firebasehosting.googleapis.com/upload/sites/larabakery/versions/69f5adca2b4d42ab/files/8bd453dda50cc0e19868019cb51f6eaf773eb236ef8507726326b3f3df52ad5a [none]
[debug] [2026-05-18T20:45:42.353Z] >>> [apiv2][body] POST https://upload-firebasehosting.googleapis.com/upload/sites/larabakery/versions/69f5adca2b4d42ab/files/8bd453dda50cc0e19868019cb51f6eaf773eb236ef8507726326b3f3df52ad5a [stream]
[debug] [2026-05-18T20:45:42.357Z] >>> [apiv2][query] POST https://upload-firebasehosting.googleapis.com/upload/sites/larabakery/versions/69f5adca2b4d42ab/files/7ad7c6133bb9d636c7a3787dd6f0939b8dcc72db80289274c0c7d14581ea0a91 [none]
[debug] [2026-05-18T20:45:42.358Z] >>> [apiv2][body] POST https://upload-firebasehosting.googleapis.com/upload/sites/larabakery/versions/69f5adca2b4d42ab/files/7ad7c6133bb9d636c7a3787dd6f0939b8dcc72db80289274c0c7d14581ea0a91 [stream]
[debug] [2026-05-18T20:45:42.365Z] >>> [apiv2][query] POST https://upload-firebasehosting.googleapis.com/upload/sites/larabakery/versions/69f5adca2b4d42ab/files/898bfd3025bc24aacdd3076f3d44250e00492a04aef01d22558eaf5f573ceb6c [none]
[debug] [2026-05-18T20:45:42.365Z] >>> [apiv2][body] POST https://upload-firebasehosting.googleapis.com/upload/sites/larabakery/versions/69f5adca2b4d42ab/files/898bfd3025bc24aacdd3076f3d44250e00492a04aef01d22558eaf5f573ceb6c [stream]
[debug] [2026-05-18T20:45:42.368Z] >>> [apiv2][query] POST https://upload-firebasehosting.googleapis.com/upload/sites/larabakery/versions/69f5adca2b4d42ab/files/9c3cc425a8b470e9af0583c4b1e84f207e60a89cc1e034f4d9514a089ca12106 [none]
[debug] [2026-05-18T20:45:42.368Z] >>> [apiv2][body] POST https://upload-firebasehosting.googleapis.com/upload/sites/larabakery/versions/69f5adca2b4d42ab/files/9c3cc425a8b470e9af0583c4b1e84f207e60a89cc1e034f4d9514a089ca12106 [stream]
[debug] [2026-05-18T20:45:42.369Z] >>> [apiv2][query] POST https://upload-firebasehosting.googleapis.com/upload/sites/larabakery/versions/69f5adca2b4d42ab/files/fe67b6e1f122e4a3d604f422933ac1c5c6ad64d070bad2ebe0741884bf7b1700 [none]
[debug] [2026-05-18T20:45:42.369Z] >>> [apiv2][body] POST https://upload-firebasehosting.googleapis.com/upload/sites/larabakery/versions/69f5adca2b4d42ab/files/fe67b6e1f122e4a3d604f422933ac1c5c6ad64d070bad2ebe0741884bf7b1700 [stream]
[debug] [2026-05-18T20:45:42.369Z] >>> [apiv2][query] POST https://upload-firebasehosting.googleapis.com/upload/sites/larabakery/versions/69f5adca2b4d42ab/files/657159a898e6cda8a27b02ca100f5c5b179c56e745a58582e0b02dd6bb8874f5 [none]
[debug] [2026-05-18T20:45:42.369Z] >>> [apiv2][body] POST https://upload-firebasehosting.googleapis.com/upload/sites/larabakery/versions/69f5adca2b4d42ab/files/657159a898e6cda8a27b02ca100f5c5b179c56e745a58582e0b02dd6bb8874f5 [stream]
[debug] [2026-05-18T20:45:42.369Z] >>> [apiv2][query] POST https://upload-firebasehosting.googleapis.com/upload/sites/larabakery/versions/69f5adca2b4d42ab/files/0587dae994e03d6b2c0b5a58a6e5bbd557474782ea3b12da61f73efef533f58e [none]
[debug] [2026-05-18T20:45:42.369Z] >>> [apiv2][body] POST https://upload-firebasehosting.googleapis.com/upload/sites/larabakery/versions/69f5adca2b4d42ab/files/0587dae994e03d6b2c0b5a58a6e5bbd557474782ea3b12da61f73efef533f58e [stream]
[debug] [2026-05-18T20:45:42.370Z] >>> [apiv2][query] POST https://upload-firebasehosting.googleapis.com/upload/sites/larabakery/versions/69f5adca2b4d42ab/files/2b095e8c84b7ddde80294c5278c448b5cbeae59d6441c050b09a895e7913ed48 [none]
[debug] [2026-05-18T20:45:42.370Z] >>> [apiv2][body] POST https://upload-firebasehosting.googleapis.com/upload/sites/larabakery/versions/69f5adca2b4d42ab/files/2b095e8c84b7ddde80294c5278c448b5cbeae59d6441c050b09a895e7913ed48 [stream]
[debug] [2026-05-18T20:45:42.370Z] >>> [apiv2][query] POST https://upload-firebasehosting.googleapis.com/upload/sites/larabakery/versions/69f5adca2b4d42ab/files/593e6fe2e3c915b22090b94aa7dd680490894dc58ff8af74f79da6404082be8b [none]
[debug] [2026-05-18T20:45:42.370Z] >>> [apiv2][body] POST https://upload-firebasehosting.googleapis.com/upload/sites/larabakery/versions/69f5adca2b4d42ab/files/593e6fe2e3c915b22090b94aa7dd680490894dc58ff8af74f79da6404082be8b [stream]
[debug] [2026-05-18T20:45:42.371Z] >>> [apiv2][query] POST https://upload-firebasehosting.googleapis.com/upload/sites/larabakery/versions/69f5adca2b4d42ab/files/e11409ce9897702019c6bc72c979ba819d42d7b803dbb7df8c833975fddc9a5c [none]
[debug] [2026-05-18T20:45:42.371Z] >>> [apiv2][body] POST https://upload-firebasehosting.googleapis.com/upload/sites/larabakery/versions/69f5adca2b4d42ab/files/e11409ce9897702019c6bc72c979ba819d42d7b803dbb7df8c833975fddc9a5c [stream]
[debug] [2026-05-18T20:45:42.371Z] >>> [apiv2][query] POST https://upload-firebasehosting.googleapis.com/upload/sites/larabakery/versions/69f5adca2b4d42ab/files/b70735bb60b4f4da687a333378ee1807752c71c1da375c68ad274988f7ca5c98 [none]
[debug] [2026-05-18T20:45:42.371Z] >>> [apiv2][body] POST https://upload-firebasehosting.googleapis.com/upload/sites/larabakery/versions/69f5adca2b4d42ab/files/b70735bb60b4f4da687a333378ee1807752c71c1da375c68ad274988f7ca5c98 [stream]
[debug] [2026-05-18T20:45:42.372Z] >>> [apiv2][query] POST https://upload-firebasehosting.googleapis.com/upload/sites/larabakery/versions/69f5adca2b4d42ab/files/ba1d59187686f450f946d5a1a1dc1ec29329240219dbda848b273d5f45713c27 [none]
[debug] [2026-05-18T20:45:42.372Z] >>> [apiv2][body] POST https://upload-firebasehosting.googleapis.com/upload/sites/larabakery/versions/69f5adca2b4d42ab/files/ba1d59187686f450f946d5a1a1dc1ec29329240219dbda848b273d5f45713c27 [stream]
[debug] [2026-05-18T20:45:42.372Z] >>> [apiv2][query] POST https://upload-firebasehosting.googleapis.com/upload/sites/larabakery/versions/69f5adca2b4d42ab/files/7c8bff8a2e44cb06ee55a0f8ec0c1a36abc11ee81d76989f6c3729b7ccdee77a [none]
[debug] [2026-05-18T20:45:42.372Z] >>> [apiv2][body] POST https://upload-firebasehosting.googleapis.com/upload/sites/larabakery/versions/69f5adca2b4d42ab/files/7c8bff8a2e44cb06ee55a0f8ec0c1a36abc11ee81d76989f6c3729b7ccdee77a [stream]
[debug] [2026-05-18T20:45:42.372Z] >>> [apiv2][query] POST https://upload-firebasehosting.googleapis.com/upload/sites/larabakery/versions/69f5adca2b4d42ab/files/5be8e8bff870d933430ab24e6ba1a89c2af64f0fdc46f125cbb70c63e3361326 [none]
[debug] [2026-05-18T20:45:42.372Z] >>> [apiv2][body] POST https://upload-firebasehosting.googleapis.com/upload/sites/larabakery/versions/69f5adca2b4d42ab/files/5be8e8bff870d933430ab24e6ba1a89c2af64f0fdc46f125cbb70c63e3361326 [stream]
[debug] [2026-05-18T20:45:42.373Z] >>> [apiv2][query] POST https://upload-firebasehosting.googleapis.com/upload/sites/larabakery/versions/69f5adca2b4d42ab/files/627c21e63112897b75e414bb0afc1736175f2c83bd8d9931024a7e8bb1650e4a [none]
[debug] [2026-05-18T20:45:42.373Z] >>> [apiv2][body] POST https://upload-firebasehosting.googleapis.com/upload/sites/larabakery/versions/69f5adca2b4d42ab/files/627c21e63112897b75e414bb0afc1736175f2c83bd8d9931024a7e8bb1650e4a [stream]
[debug] [2026-05-18T20:45:42.378Z] >>> [apiv2][query] POST https://upload-firebasehosting.googleapis.com/upload/sites/larabakery/versions/69f5adca2b4d42ab/files/d3bef0058e544a8015008427bc0b5d06b4ef7f0acfc043b085b3d995ec21258e [none]
[debug] [2026-05-18T20:45:42.378Z] >>> [apiv2][body] POST https://upload-firebasehosting.googleapis.com/upload/sites/larabakery/versions/69f5adca2b4d42ab/files/d3bef0058e544a8015008427bc0b5d06b4ef7f0acfc043b085b3d995ec21258e [stream]
[debug] [2026-05-18T20:45:42.379Z] >>> [apiv2][query] POST https://upload-firebasehosting.googleapis.com/upload/sites/larabakery/versions/69f5adca2b4d42ab/files/a61de4a625a57b852cafdd5d8a85a6dfee94e422d55e03044c57e4c58f9ce2c8 [none]
[debug] [2026-05-18T20:45:42.379Z] >>> [apiv2][body] POST https://upload-firebasehosting.googleapis.com/upload/sites/larabakery/versions/69f5adca2b4d42ab/files/a61de4a625a57b852cafdd5d8a85a6dfee94e422d55e03044c57e4c58f9ce2c8 [stream]
[debug] [2026-05-18T20:45:42.379Z] >>> [apiv2][query] POST https://upload-firebasehosting.googleapis.com/upload/sites/larabakery/versions/69f5adca2b4d42ab/files/b0f44159ce4df873aa26fb167e0c08dc46d0fdadcf30a09eb2b8dc93e4f887a3 [none]
[debug] [2026-05-18T20:45:42.379Z] >>> [apiv2][body] POST https://upload-firebasehosting.googleapis.com/upload/sites/larabakery/versions/69f5adca2b4d42ab/files/b0f44159ce4df873aa26fb167e0c08dc46d0fdadcf30a09eb2b8dc93e4f887a3 [stream]
[debug] [2026-05-18T20:45:42.379Z] >>> [apiv2][query] POST https://upload-firebasehosting.googleapis.com/upload/sites/larabakery/versions/69f5adca2b4d42ab/files/00dcd5f9d690d07a00fcc8dc3079a594f748b89e86b7e8cb1b153c96bd4ccac4 [none]
[debug] [2026-05-18T20:45:42.379Z] >>> [apiv2][body] POST https://upload-firebasehosting.googleapis.com/upload/sites/larabakery/versions/69f5adca2b4d42ab/files/00dcd5f9d690d07a00fcc8dc3079a594f748b89e86b7e8cb1b153c96bd4ccac4 [stream]
[debug] [2026-05-18T20:45:42.379Z] >>> [apiv2][query] POST https://upload-firebasehosting.googleapis.com/upload/sites/larabakery/versions/69f5adca2b4d42ab/files/dc68160620ef4ba8de3c279b79d26e993bbec7a828e82b88e40c66819f737a30 [none]
[debug] [2026-05-18T20:45:42.379Z] >>> [apiv2][body] POST https://upload-firebasehosting.googleapis.com/upload/sites/larabakery/versions/69f5adca2b4d42ab/files/dc68160620ef4ba8de3c279b79d26e993bbec7a828e82b88e40c66819f737a30 [stream]
[debug] [2026-05-18T20:45:42.380Z] >>> [apiv2][query] POST https://upload-firebasehosting.googleapis.com/upload/sites/larabakery/versions/69f5adca2b4d42ab/files/69e81a9a44c23df55b42e099454a436cd66e2ee943c83bead7530a95cb5d284f [none]
[debug] [2026-05-18T20:45:42.380Z] >>> [apiv2][body] POST https://upload-firebasehosting.googleapis.com/upload/sites/larabakery/versions/69f5adca2b4d42ab/files/69e81a9a44c23df55b42e099454a436cd66e2ee943c83bead7530a95cb5d284f [stream]
[debug] [2026-05-18T20:45:42.380Z] >>> [apiv2][query] POST https://upload-firebasehosting.googleapis.com/upload/sites/larabakery/versions/69f5adca2b4d42ab/files/9a0af52ed3398ab8337e1d7943dfb589321c32cba0fa913cedac59039dd2472c [none]
[debug] [2026-05-18T20:45:42.380Z] >>> [apiv2][body] POST https://upload-firebasehosting.googleapis.com/upload/sites/larabakery/versions/69f5adca2b4d42ab/files/9a0af52ed3398ab8337e1d7943dfb589321c32cba0fa913cedac59039dd2472c [stream]
[debug] [2026-05-18T20:45:42.380Z] >>> [apiv2][query] POST https://upload-firebasehosting.googleapis.com/upload/sites/larabakery/versions/69f5adca2b4d42ab/files/c87ca8bf8c03a6e25ad23d393c8be86397b673a083317890c0a966166355d877 [none]
[debug] [2026-05-18T20:45:42.381Z] >>> [apiv2][body] POST https://upload-firebasehosting.googleapis.com/upload/sites/larabakery/versions/69f5adca2b4d42ab/files/c87ca8bf8c03a6e25ad23d393c8be86397b673a083317890c0a966166355d877 [stream]
[debug] [2026-05-18T20:45:42.381Z] >>> [apiv2][query] POST https://upload-firebasehosting.googleapis.com/upload/sites/larabakery/versions/69f5adca2b4d42ab/files/3b3312ba1a4fe5b7852253e1381f444c50aec85e2a9237864131af8336798b39 [none]
[debug] [2026-05-18T20:45:42.381Z] >>> [apiv2][body] POST https://upload-firebasehosting.googleapis.com/upload/sites/larabakery/versions/69f5adca2b4d42ab/files/3b3312ba1a4fe5b7852253e1381f444c50aec85e2a9237864131af8336798b39 [stream]
[debug] [2026-05-18T20:45:42.381Z] >>> [apiv2][query] POST https://upload-firebasehosting.googleapis.com/upload/sites/larabakery/versions/69f5adca2b4d42ab/files/d0633f38ee7767048151537a6f6678ae776d54f2269c36986790b14c710381f7 [none]
[debug] [2026-05-18T20:45:42.381Z] >>> [apiv2][body] POST https://upload-firebasehosting.googleapis.com/upload/sites/larabakery/versions/69f5adca2b4d42ab/files/d0633f38ee7767048151537a6f6678ae776d54f2269c36986790b14c710381f7 [stream]
[debug] [2026-05-18T20:45:42.381Z] >>> [apiv2][query] POST https://upload-firebasehosting.googleapis.com/upload/sites/larabakery/versions/69f5adca2b4d42ab/files/1705decffd766fb0bf52d3e4fcb0543ccc0dcd87dd1f7a1f5f2d4023f0523e61 [none]
[debug] [2026-05-18T20:45:42.381Z] >>> [apiv2][body] POST https://upload-firebasehosting.googleapis.com/upload/sites/larabakery/versions/69f5adca2b4d42ab/files/1705decffd766fb0bf52d3e4fcb0543ccc0dcd87dd1f7a1f5f2d4023f0523e61 [stream]
[debug] [2026-05-18T20:45:42.382Z] >>> [apiv2][query] POST https://upload-firebasehosting.googleapis.com/upload/sites/larabakery/versions/69f5adca2b4d42ab/files/71c628c3b097cf9a80f60ac51373c93fe9c89f914a2b2e8730338e5bcac6c82f [none]
[debug] [2026-05-18T20:45:42.382Z] >>> [apiv2][body] POST https://upload-firebasehosting.googleapis.com/upload/sites/larabakery/versions/69f5adca2b4d42ab/files/71c628c3b097cf9a80f60ac51373c93fe9c89f914a2b2e8730338e5bcac6c82f [stream]
[debug] [2026-05-18T20:45:42.382Z] >>> [apiv2][query] POST https://upload-firebasehosting.googleapis.com/upload/sites/larabakery/versions/69f5adca2b4d42ab/files/e44cde9f66a10c3d96068a0f00b0d994db9a1866343df27b9d761f8c73ca9e71 [none]
[debug] [2026-05-18T20:45:42.382Z] >>> [apiv2][body] POST https://upload-firebasehosting.googleapis.com/upload/sites/larabakery/versions/69f5adca2b4d42ab/files/e44cde9f66a10c3d96068a0f00b0d994db9a1866343df27b9d761f8c73ca9e71 [stream]
[debug] [2026-05-18T20:45:42.382Z] >>> [apiv2][query] POST https://upload-firebasehosting.googleapis.com/upload/sites/larabakery/versions/69f5adca2b4d42ab/files/f792dde3a5074ed7a1ec3bd460b71e60487f31473823fef2893a66fd00132baa [none]
[debug] [2026-05-18T20:45:42.382Z] >>> [apiv2][body] POST https://upload-firebasehosting.googleapis.com/upload/sites/larabakery/versions/69f5adca2b4d42ab/files/f792dde3a5074ed7a1ec3bd460b71e60487f31473823fef2893a66fd00132baa [stream]
[debug] [2026-05-18T20:45:42.383Z] >>> [apiv2][query] POST https://upload-firebasehosting.googleapis.com/upload/sites/larabakery/versions/69f5adca2b4d42ab/files/ee6dd387f5067ab2c2a21c8b7cb99a4b6e3e06319190e40156d8b5f986f49819 [none]
[debug] [2026-05-18T20:45:42.383Z] >>> [apiv2][body] POST https://upload-firebasehosting.googleapis.com/upload/sites/larabakery/versions/69f5adca2b4d42ab/files/ee6dd387f5067ab2c2a21c8b7cb99a4b6e3e06319190e40156d8b5f986f49819 [stream]
[debug] [2026-05-18T20:45:42.383Z] >>> [apiv2][query] POST https://upload-firebasehosting.googleapis.com/upload/sites/larabakery/versions/69f5adca2b4d42ab/files/5c089e360ee89b281059b7e78e6347d6d33b81d2d09b5ce5cb8d8ed82fe70be0 [none]
[debug] [2026-05-18T20:45:42.383Z] >>> [apiv2][body] POST https://upload-firebasehosting.googleapis.com/upload/sites/larabakery/versions/69f5adca2b4d42ab/files/5c089e360ee89b281059b7e78e6347d6d33b81d2d09b5ce5cb8d8ed82fe70be0 [stream]
[debug] [2026-05-18T20:45:42.383Z] >>> [apiv2][query] POST https://upload-firebasehosting.googleapis.com/upload/sites/larabakery/versions/69f5adca2b4d42ab/files/ec4443acec6ec9f4811a28c0f7425786eece8f650f7cf7cbbd86367cdba88adb [none]
[debug] [2026-05-18T20:45:42.383Z] >>> [apiv2][body] POST https://upload-firebasehosting.googleapis.com/upload/sites/larabakery/versions/69f5adca2b4d42ab/files/ec4443acec6ec9f4811a28c0f7425786eece8f650f7cf7cbbd86367cdba88adb [stream]
[debug] [2026-05-18T20:45:42.383Z] >>> [apiv2][query] POST https://upload-firebasehosting.googleapis.com/upload/sites/larabakery/versions/69f5adca2b4d42ab/files/c62912fb84a5ec396bd891fccda938ec6dd9fbf3d3f26e3b89d8b0b043a687a5 [none]
[debug] [2026-05-18T20:45:42.384Z] >>> [apiv2][body] POST https://upload-firebasehosting.googleapis.com/upload/sites/larabakery/versions/69f5adca2b4d42ab/files/c62912fb84a5ec396bd891fccda938ec6dd9fbf3d3f26e3b89d8b0b043a687a5 [stream]
[debug] [2026-05-18T20:45:42.384Z] >>> [apiv2][query] POST https://upload-firebasehosting.googleapis.com/upload/sites/larabakery/versions/69f5adca2b4d42ab/files/374c79738f4200b2bad8fee1328e52af0e3357ecad408ee51995fb596762a0ae [none]
[debug] [2026-05-18T20:45:42.384Z] >>> [apiv2][body] POST https://upload-firebasehosting.googleapis.com/upload/sites/larabakery/versions/69f5adca2b4d42ab/files/374c79738f4200b2bad8fee1328e52af0e3357ecad408ee51995fb596762a0ae [stream]
[debug] [2026-05-18T20:45:42.384Z] >>> [apiv2][query] POST https://upload-firebasehosting.googleapis.com/upload/sites/larabakery/versions/69f5adca2b4d42ab/files/2f5db0fc2c17664c8aa2e1374a8483b018ec1c5ed6d7630b103b4ccb915bc557 [none]
[debug] [2026-05-18T20:45:42.384Z] >>> [apiv2][body] POST https://upload-firebasehosting.googleapis.com/upload/sites/larabakery/versions/69f5adca2b4d42ab/files/2f5db0fc2c17664c8aa2e1374a8483b018ec1c5ed6d7630b103b4ccb915bc557 [stream]
[debug] [2026-05-18T20:45:42.384Z] >>> [apiv2][query] POST https://upload-firebasehosting.googleapis.com/upload/sites/larabakery/versions/69f5adca2b4d42ab/files/1c33ac9b2f94ecda5f9e5aa3e88f5bf65a547b4cb445dffdab95117feed1fd7d [none]
[debug] [2026-05-18T20:45:42.384Z] >>> [apiv2][body] POST https://upload-firebasehosting.googleapis.com/upload/sites/larabakery/versions/69f5adca2b4d42ab/files/1c33ac9b2f94ecda5f9e5aa3e88f5bf65a547b4cb445dffdab95117feed1fd7d [stream]
[debug] [2026-05-18T20:45:42.385Z] >>> [apiv2][query] POST https://upload-firebasehosting.googleapis.com/upload/sites/larabakery/versions/69f5adca2b4d42ab/files/0a8051f3913173b0a5f9a23806bbac44a001354a25923e24fbd69860fad7648c [none]
[debug] [2026-05-18T20:45:42.385Z] >>> [apiv2][body] POST https://upload-firebasehosting.googleapis.com/upload/sites/larabakery/versions/69f5adca2b4d42ab/files/0a8051f3913173b0a5f9a23806bbac44a001354a25923e24fbd69860fad7648c [stream]
[debug] [2026-05-18T20:45:42.385Z] >>> [apiv2][query] POST https://upload-firebasehosting.googleapis.com/upload/sites/larabakery/versions/69f5adca2b4d42ab/files/487ab078819b86af92cb98a491e11fddd2139e72e5c0a18bb20a3f4b884c76b0 [none]
[debug] [2026-05-18T20:45:42.385Z] >>> [apiv2][body] POST https://upload-firebasehosting.googleapis.com/upload/sites/larabakery/versions/69f5adca2b4d42ab/files/487ab078819b86af92cb98a491e11fddd2139e72e5c0a18bb20a3f4b884c76b0 [stream]
[debug] [2026-05-18T20:45:42.385Z] >>> [apiv2][query] POST https://upload-firebasehosting.googleapis.com/upload/sites/larabakery/versions/69f5adca2b4d42ab/files/4554a0711cb81a17a37585bd82d1c4ddca75d56bb083599270712af98cfa7d6f [none]
[debug] [2026-05-18T20:45:42.385Z] >>> [apiv2][body] POST https://upload-firebasehosting.googleapis.com/upload/sites/larabakery/versions/69f5adca2b4d42ab/files/4554a0711cb81a17a37585bd82d1c4ddca75d56bb083599270712af98cfa7d6f [stream]
[debug] [2026-05-18T20:45:42.385Z] >>> [apiv2][query] POST https://upload-firebasehosting.googleapis.com/upload/sites/larabakery/versions/69f5adca2b4d42ab/files/760f37310a110b984b186aa88b70dd9db591b2da29dfdeed5d244134022bdcdb [none]
[debug] [2026-05-18T20:45:42.385Z] >>> [apiv2][body] POST https://upload-firebasehosting.googleapis.com/upload/sites/larabakery/versions/69f5adca2b4d42ab/files/760f37310a110b984b186aa88b70dd9db591b2da29dfdeed5d244134022bdcdb [stream]
[debug] [2026-05-18T20:45:42.386Z] >>> [apiv2][query] POST https://upload-firebasehosting.googleapis.com/upload/sites/larabakery/versions/69f5adca2b4d42ab/files/e0da7b180f05f0e8a4794dd85bcd6cbe6afa6572c4f4e318bb1b38376bc19f06 [none]
[debug] [2026-05-18T20:45:42.386Z] >>> [apiv2][body] POST https://upload-firebasehosting.googleapis.com/upload/sites/larabakery/versions/69f5adca2b4d42ab/files/e0da7b180f05f0e8a4794dd85bcd6cbe6afa6572c4f4e318bb1b38376bc19f06 [stream]
[debug] [2026-05-18T20:45:42.386Z] >>> [apiv2][query] POST https://upload-firebasehosting.googleapis.com/upload/sites/larabakery/versions/69f5adca2b4d42ab/files/b95548c012baf3679c8bbcd849524754bb0f6eb69bb76a32b12fbb309947d43e [none]
[debug] [2026-05-18T20:45:42.386Z] >>> [apiv2][body] POST https://upload-firebasehosting.googleapis.com/upload/sites/larabakery/versions/69f5adca2b4d42ab/files/b95548c012baf3679c8bbcd849524754bb0f6eb69bb76a32b12fbb309947d43e [stream]
[debug] [2026-05-18T20:45:42.386Z] >>> [apiv2][query] POST https://upload-firebasehosting.googleapis.com/upload/sites/larabakery/versions/69f5adca2b4d42ab/files/f3a5a2e2db14e2f11241ab72008c7f8d670b9c8df2a0c38d183031cbed1e2d2a [none]
[debug] [2026-05-18T20:45:42.386Z] >>> [apiv2][body] POST https://upload-firebasehosting.googleapis.com/upload/sites/larabakery/versions/69f5adca2b4d42ab/files/f3a5a2e2db14e2f11241ab72008c7f8d670b9c8df2a0c38d183031cbed1e2d2a [stream]
[debug] [2026-05-18T20:45:42.387Z] >>> [apiv2][query] POST https://upload-firebasehosting.googleapis.com/upload/sites/larabakery/versions/69f5adca2b4d42ab/files/5b449983d184629ea3935605ee289aa3bae26dc402350d90a17e36ba492c7e18 [none]
[debug] [2026-05-18T20:45:42.387Z] >>> [apiv2][body] POST https://upload-firebasehosting.googleapis.com/upload/sites/larabakery/versions/69f5adca2b4d42ab/files/5b449983d184629ea3935605ee289aa3bae26dc402350d90a17e36ba492c7e18 [stream]
[debug] [2026-05-18T20:45:42.387Z] >>> [apiv2][query] POST https://upload-firebasehosting.googleapis.com/upload/sites/larabakery/versions/69f5adca2b4d42ab/files/eb23d54369e16177427cb762f0de748a1db905c09edc464c4d33ee06cecca140 [none]
[debug] [2026-05-18T20:45:42.387Z] >>> [apiv2][body] POST https://upload-firebasehosting.googleapis.com/upload/sites/larabakery/versions/69f5adca2b4d42ab/files/eb23d54369e16177427cb762f0de748a1db905c09edc464c4d33ee06cecca140 [stream]
[debug] [2026-05-18T20:45:42.387Z] >>> [apiv2][query] POST https://upload-firebasehosting.googleapis.com/upload/sites/larabakery/versions/69f5adca2b4d42ab/files/4613c1e9a4b02ad9f4b3198b8845eb0eb30bb98662c29f611326ab8937ba833d [none]
[debug] [2026-05-18T20:45:42.387Z] >>> [apiv2][body] POST https://upload-firebasehosting.googleapis.com/upload/sites/larabakery/versions/69f5adca2b4d42ab/files/4613c1e9a4b02ad9f4b3198b8845eb0eb30bb98662c29f611326ab8937ba833d [stream]
[debug] [2026-05-18T20:45:42.388Z] >>> [apiv2][query] POST https://upload-firebasehosting.googleapis.com/upload/sites/larabakery/versions/69f5adca2b4d42ab/files/7f54bb3481657e1e902eb29e650a893a84371c052cb9a00f38626aa0750cfffa [none]
[debug] [2026-05-18T20:45:42.388Z] >>> [apiv2][body] POST https://upload-firebasehosting.googleapis.com/upload/sites/larabakery/versions/69f5adca2b4d42ab/files/7f54bb3481657e1e902eb29e650a893a84371c052cb9a00f38626aa0750cfffa [stream]
[debug] [2026-05-18T20:45:42.388Z] >>> [apiv2][query] POST https://upload-firebasehosting.googleapis.com/upload/sites/larabakery/versions/69f5adca2b4d42ab/files/b8db42b482b5a267947f131c8bd67307def7c8582baf1ec147fd2e1ead9a0acb [none]
[debug] [2026-05-18T20:45:42.388Z] >>> [apiv2][body] POST https://upload-firebasehosting.googleapis.com/upload/sites/larabakery/versions/69f5adca2b4d42ab/files/b8db42b482b5a267947f131c8bd67307def7c8582baf1ec147fd2e1ead9a0acb [stream]
[debug] [2026-05-18T20:45:42.388Z] >>> [apiv2][query] POST https://upload-firebasehosting.googleapis.com/upload/sites/larabakery/versions/69f5adca2b4d42ab/files/91813f70674e30457a0c759e19b2969cece2034c1a4530aa28b70b552fdafafa [none]
[debug] [2026-05-18T20:45:42.388Z] >>> [apiv2][body] POST https://upload-firebasehosting.googleapis.com/upload/sites/larabakery/versions/69f5adca2b4d42ab/files/91813f70674e30457a0c759e19b2969cece2034c1a4530aa28b70b552fdafafa [stream]
[debug] [2026-05-18T20:45:42.388Z] >>> [apiv2][query] POST https://upload-firebasehosting.googleapis.com/upload/sites/larabakery/versions/69f5adca2b4d42ab/files/7ec3a31d58d56085116a38ac589f6d56dbae284afa324af90e7143aff82f837d [none]
[debug] [2026-05-18T20:45:42.388Z] >>> [apiv2][body] POST https://upload-firebasehosting.googleapis.com/upload/sites/larabakery/versions/69f5adca2b4d42ab/files/7ec3a31d58d56085116a38ac589f6d56dbae284afa324af90e7143aff82f837d [stream]
[debug] [2026-05-18T20:45:42.389Z] >>> [apiv2][query] POST https://upload-firebasehosting.googleapis.com/upload/sites/larabakery/versions/69f5adca2b4d42ab/files/534c2336f72cdfed567a5835c9a21737170ac51c03bb6270b16eed33436e04e4 [none]
[debug] [2026-05-18T20:45:42.389Z] >>> [apiv2][body] POST https://upload-firebasehosting.googleapis.com/upload/sites/larabakery/versions/69f5adca2b4d42ab/files/534c2336f72cdfed567a5835c9a21737170ac51c03bb6270b16eed33436e04e4 [stream]
[debug] [2026-05-18T20:45:42.389Z] >>> [apiv2][query] POST https://upload-firebasehosting.googleapis.com/upload/sites/larabakery/versions/69f5adca2b4d42ab/files/62071fa1ccccc1b6f140622a5674f318509a7c79dee81338e21f991c6c01d29d [none]
[debug] [2026-05-18T20:45:42.389Z] >>> [apiv2][body] POST https://upload-firebasehosting.googleapis.com/upload/sites/larabakery/versions/69f5adca2b4d42ab/files/62071fa1ccccc1b6f140622a5674f318509a7c79dee81338e21f991c6c01d29d [stream]
[debug] [2026-05-18T20:45:42.390Z] >>> [apiv2][query] POST https://upload-firebasehosting.googleapis.com/upload/sites/larabakery/versions/69f5adca2b4d42ab/files/464ef4b2fe76dfd4839d376284d46431a832b387e5e96b2dd747aec387ffa5b0 [none]
[debug] [2026-05-18T20:45:42.390Z] >>> [apiv2][body] POST https://upload-firebasehosting.googleapis.com/upload/sites/larabakery/versions/69f5adca2b4d42ab/files/464ef4b2fe76dfd4839d376284d46431a832b387e5e96b2dd747aec387ffa5b0 [stream]
[debug] [2026-05-18T20:45:42.390Z] >>> [apiv2][query] POST https://upload-firebasehosting.googleapis.com/upload/sites/larabakery/versions/69f5adca2b4d42ab/files/4afe1c03b4bc48077e6b821885a058be314d339c395020d3ad80d613810e0921 [none]
[debug] [2026-05-18T20:45:42.390Z] >>> [apiv2][body] POST https://upload-firebasehosting.googleapis.com/upload/sites/larabakery/versions/69f5adca2b4d42ab/files/4afe1c03b4bc48077e6b821885a058be314d339c395020d3ad80d613810e0921 [stream]
[debug] [2026-05-18T20:45:42.390Z] >>> [apiv2][query] POST https://upload-firebasehosting.googleapis.com/upload/sites/larabakery/versions/69f5adca2b4d42ab/files/f7118d846c450e511f02b628a993f1b6524194023ffd551214b4819402faada3 [none]
[debug] [2026-05-18T20:45:42.390Z] >>> [apiv2][body] POST https://upload-firebasehosting.googleapis.com/upload/sites/larabakery/versions/69f5adca2b4d42ab/files/f7118d846c450e511f02b628a993f1b6524194023ffd551214b4819402faada3 [stream]
[debug] [2026-05-18T20:45:42.391Z] >>> [apiv2][query] POST https://upload-firebasehosting.googleapis.com/upload/sites/larabakery/versions/69f5adca2b4d42ab/files/05b2170022da234642c958e8e10dad6d9bf0d50f533acea7e95f18f4b5a37d46 [none]
[debug] [2026-05-18T20:45:42.391Z] >>> [apiv2][body] POST https://upload-firebasehosting.googleapis.com/upload/sites/larabakery/versions/69f5adca2b4d42ab/files/05b2170022da234642c958e8e10dad6d9bf0d50f533acea7e95f18f4b5a37d46 [stream]
[debug] [2026-05-18T20:45:42.391Z] >>> [apiv2][query] POST https://upload-firebasehosting.googleapis.com/upload/sites/larabakery/versions/69f5adca2b4d42ab/files/c98e640daf43e92ff3e6024e36ddaef6049de8bc39d063819fc7e8aceb8a8f62 [none]
[debug] [2026-05-18T20:45:42.391Z] >>> [apiv2][body] POST https://upload-firebasehosting.googleapis.com/upload/sites/larabakery/versions/69f5adca2b4d42ab/files/c98e640daf43e92ff3e6024e36ddaef6049de8bc39d063819fc7e8aceb8a8f62 [stream]
[debug] [2026-05-18T20:45:42.392Z] >>> [apiv2][query] POST https://upload-firebasehosting.googleapis.com/upload/sites/larabakery/versions/69f5adca2b4d42ab/files/c429daf2c2634d3a3cb8e1f6c66a6563461a7da6468777707deb300626c92d39 [none]
[debug] [2026-05-18T20:45:42.392Z] >>> [apiv2][body] POST https://upload-firebasehosting.googleapis.com/upload/sites/larabakery/versions/69f5adca2b4d42ab/files/c429daf2c2634d3a3cb8e1f6c66a6563461a7da6468777707deb300626c92d39 [stream]
[debug] [2026-05-18T20:45:42.392Z] >>> [apiv2][query] POST https://upload-firebasehosting.googleapis.com/upload/sites/larabakery/versions/69f5adca2b4d42ab/files/f6c1f8901cfa0e7515466f060d24990e995e68c8e54fa1d428148149a0d6e09d [none]
[debug] [2026-05-18T20:45:42.392Z] >>> [apiv2][body] POST https://upload-firebasehosting.googleapis.com/upload/sites/larabakery/versions/69f5adca2b4d42ab/files/f6c1f8901cfa0e7515466f060d24990e995e68c8e54fa1d428148149a0d6e09d [stream]
[debug] [2026-05-18T20:45:42.392Z] >>> [apiv2][query] POST https://upload-firebasehosting.googleapis.com/upload/sites/larabakery/versions/69f5adca2b4d42ab/files/45cb7a95df5b921e5b0cf3d942ff7086687ac25b38ba6d8e832dce3867ad7bbe [none]
[debug] [2026-05-18T20:45:42.392Z] >>> [apiv2][body] POST https://upload-firebasehosting.googleapis.com/upload/sites/larabakery/versions/69f5adca2b4d42ab/files/45cb7a95df5b921e5b0cf3d942ff7086687ac25b38ba6d8e832dce3867ad7bbe [stream]
[debug] [2026-05-18T20:45:42.393Z] >>> [apiv2][query] POST https://upload-firebasehosting.googleapis.com/upload/sites/larabakery/versions/69f5adca2b4d42ab/files/dd463c48454d245df81426e4b6203d20cf942fdaa50a2f666063865862a7935a [none]
[debug] [2026-05-18T20:45:42.393Z] >>> [apiv2][body] POST https://upload-firebasehosting.googleapis.com/upload/sites/larabakery/versions/69f5adca2b4d42ab/files/dd463c48454d245df81426e4b6203d20cf942fdaa50a2f666063865862a7935a [stream]
[debug] [2026-05-18T20:45:42.393Z] >>> [apiv2][query] POST https://upload-firebasehosting.googleapis.com/upload/sites/larabakery/versions/69f5adca2b4d42ab/files/e0119a57be3b578fd3267b98acfe9da3a21b7ffc7107fa264bb7646b001e51dc [none]
[debug] [2026-05-18T20:45:42.393Z] >>> [apiv2][body] POST https://upload-firebasehosting.googleapis.com/upload/sites/larabakery/versions/69f5adca2b4d42ab/files/e0119a57be3b578fd3267b98acfe9da3a21b7ffc7107fa264bb7646b001e51dc [stream]
[debug] [2026-05-18T20:45:42.393Z] >>> [apiv2][query] POST https://upload-firebasehosting.googleapis.com/upload/sites/larabakery/versions/69f5adca2b4d42ab/files/12f1645555f7b55238a7381a37101ac4f280fa5e9c10cfc0437c4a05a02bfbd5 [none]
[debug] [2026-05-18T20:45:42.393Z] >>> [apiv2][body] POST https://upload-firebasehosting.googleapis.com/upload/sites/larabakery/versions/69f5adca2b4d42ab/files/12f1645555f7b55238a7381a37101ac4f280fa5e9c10cfc0437c4a05a02bfbd5 [stream]
[debug] [2026-05-18T20:45:42.393Z] >>> [apiv2][query] POST https://upload-firebasehosting.googleapis.com/upload/sites/larabakery/versions/69f5adca2b4d42ab/files/8aaf20b003926d0ea951fe488815309e555a2a7fb013bb73a9b3d52d9fa55bee [none]
[debug] [2026-05-18T20:45:42.393Z] >>> [apiv2][body] POST https://upload-firebasehosting.googleapis.com/upload/sites/larabakery/versions/69f5adca2b4d42ab/files/8aaf20b003926d0ea951fe488815309e555a2a7fb013bb73a9b3d52d9fa55bee [stream]
[debug] [2026-05-18T20:45:42.394Z] >>> [apiv2][query] POST https://upload-firebasehosting.googleapis.com/upload/sites/larabakery/versions/69f5adca2b4d42ab/files/ac14a8c74ce92ad37f1e691d15854b6a12b9e9ee3287588882e1f17307d4ae37 [none]
[debug] [2026-05-18T20:45:42.394Z] >>> [apiv2][body] POST https://upload-firebasehosting.googleapis.com/upload/sites/larabakery/versions/69f5adca2b4d42ab/files/ac14a8c74ce92ad37f1e691d15854b6a12b9e9ee3287588882e1f17307d4ae37 [stream]
[debug] [2026-05-18T20:45:42.394Z] >>> [apiv2][query] POST https://upload-firebasehosting.googleapis.com/upload/sites/larabakery/versions/69f5adca2b4d42ab/files/ea8725048e3b03b1ef2e7144445994b23a8576193d5bd3a7df75b8df8e2ea897 [none]
[debug] [2026-05-18T20:45:42.394Z] >>> [apiv2][body] POST https://upload-firebasehosting.googleapis.com/upload/sites/larabakery/versions/69f5adca2b4d42ab/files/ea8725048e3b03b1ef2e7144445994b23a8576193d5bd3a7df75b8df8e2ea897 [stream]
[debug] [2026-05-18T20:45:42.394Z] >>> [apiv2][query] POST https://upload-firebasehosting.googleapis.com/upload/sites/larabakery/versions/69f5adca2b4d42ab/files/ee01209b25773676d700353e866c2d24cdfd751f4e037a493b79031295125608 [none]
[debug] [2026-05-18T20:45:42.394Z] >>> [apiv2][body] POST https://upload-firebasehosting.googleapis.com/upload/sites/larabakery/versions/69f5adca2b4d42ab/files/ee01209b25773676d700353e866c2d24cdfd751f4e037a493b79031295125608 [stream]
[debug] [2026-05-18T20:45:42.394Z] >>> [apiv2][query] POST https://upload-firebasehosting.googleapis.com/upload/sites/larabakery/versions/69f5adca2b4d42ab/files/ac1cae8ee912ec9936d98fbf8c96545555dab8a4ddd34d287ff6e0f54a112ca4 [none]
[debug] [2026-05-18T20:45:42.394Z] >>> [apiv2][body] POST https://upload-firebasehosting.googleapis.com/upload/sites/larabakery/versions/69f5adca2b4d42ab/files/ac1cae8ee912ec9936d98fbf8c96545555dab8a4ddd34d287ff6e0f54a112ca4 [stream]
[debug] [2026-05-18T20:45:42.395Z] >>> [apiv2][query] POST https://upload-firebasehosting.googleapis.com/upload/sites/larabakery/versions/69f5adca2b4d42ab/files/c540605be7401a94277c7471e0420515cf799b0c2f13732360a81086c599f391 [none]
[debug] [2026-05-18T20:45:42.395Z] >>> [apiv2][body] POST https://upload-firebasehosting.googleapis.com/upload/sites/larabakery/versions/69f5adca2b4d42ab/files/c540605be7401a94277c7471e0420515cf799b0c2f13732360a81086c599f391 [stream]
[debug] [2026-05-18T20:45:42.395Z] >>> [apiv2][query] POST https://upload-firebasehosting.googleapis.com/upload/sites/larabakery/versions/69f5adca2b4d42ab/files/ed714b055e10f11ff190ee3ba4ce69a753ebc434d5df600dbaec2b90fc499dc6 [none]
[debug] [2026-05-18T20:45:42.395Z] >>> [apiv2][body] POST https://upload-firebasehosting.googleapis.com/upload/sites/larabakery/versions/69f5adca2b4d42ab/files/ed714b055e10f11ff190ee3ba4ce69a753ebc434d5df600dbaec2b90fc499dc6 [stream]
[debug] [2026-05-18T20:45:42.395Z] >>> [apiv2][query] POST https://upload-firebasehosting.googleapis.com/upload/sites/larabakery/versions/69f5adca2b4d42ab/files/9a1c308305a25a0ffc4688a4ec2c464fd12b448ce5728ccdc8f7eb89e8f65505 [none]
[debug] [2026-05-18T20:45:42.395Z] >>> [apiv2][body] POST https://upload-firebasehosting.googleapis.com/upload/sites/larabakery/versions/69f5adca2b4d42ab/files/9a1c308305a25a0ffc4688a4ec2c464fd12b448ce5728ccdc8f7eb89e8f65505 [stream]
[debug] [2026-05-18T20:45:42.396Z] >>> [apiv2][query] POST https://upload-firebasehosting.googleapis.com/upload/sites/larabakery/versions/69f5adca2b4d42ab/files/35794b2f1ecc6aed3a38b0078731763bcc4bb01c0952e24123b20bf2b3725694 [none]
[debug] [2026-05-18T20:45:42.396Z] >>> [apiv2][body] POST https://upload-firebasehosting.googleapis.com/upload/sites/larabakery/versions/69f5adca2b4d42ab/files/35794b2f1ecc6aed3a38b0078731763bcc4bb01c0952e24123b20bf2b3725694 [stream]
[debug] [2026-05-18T20:45:42.396Z] >>> [apiv2][query] POST https://upload-firebasehosting.googleapis.com/upload/sites/larabakery/versions/69f5adca2b4d42ab/files/c02f586dc5824bbecb498bc7a66d58c73ea5b3a7abdbb4aa529c66d9dbde0f60 [none]
[debug] [2026-05-18T20:45:42.396Z] >>> [apiv2][body] POST https://upload-firebasehosting.googleapis.com/upload/sites/larabakery/versions/69f5adca2b4d42ab/files/c02f586dc5824bbecb498bc7a66d58c73ea5b3a7abdbb4aa529c66d9dbde0f60 [stream]
[debug] [2026-05-18T20:45:42.396Z] >>> [apiv2][query] POST https://upload-firebasehosting.googleapis.com/upload/sites/larabakery/versions/69f5adca2b4d42ab/files/d568449623773a7e9de93a22e3c20b8d56e734214e3cc77c84147b4216ddce06 [none]
[debug] [2026-05-18T20:45:42.396Z] >>> [apiv2][body] POST https://upload-firebasehosting.googleapis.com/upload/sites/larabakery/versions/69f5adca2b4d42ab/files/d568449623773a7e9de93a22e3c20b8d56e734214e3cc77c84147b4216ddce06 [stream]
[debug] [2026-05-18T20:45:42.396Z] >>> [apiv2][query] POST https://upload-firebasehosting.googleapis.com/upload/sites/larabakery/versions/69f5adca2b4d42ab/files/42dbe9982e9de1e24f78a46bfe63a32b79afd1c51538762316d0bf33fb8c3865 [none]
[debug] [2026-05-18T20:45:42.397Z] >>> [apiv2][body] POST https://upload-firebasehosting.googleapis.com/upload/sites/larabakery/versions/69f5adca2b4d42ab/files/42dbe9982e9de1e24f78a46bfe63a32b79afd1c51538762316d0bf33fb8c3865 [stream]
[debug] [2026-05-18T20:45:42.397Z] >>> [apiv2][query] POST https://upload-firebasehosting.googleapis.com/upload/sites/larabakery/versions/69f5adca2b4d42ab/files/a8469572a47b86278fe1aac0b956ac79b44e984d6202ec28cde1be93ffc6a793 [none]
[debug] [2026-05-18T20:45:42.397Z] >>> [apiv2][body] POST https://upload-firebasehosting.googleapis.com/upload/sites/larabakery/versions/69f5adca2b4d42ab/files/a8469572a47b86278fe1aac0b956ac79b44e984d6202ec28cde1be93ffc6a793 [stream]
[debug] [2026-05-18T20:45:42.397Z] >>> [apiv2][query] POST https://upload-firebasehosting.googleapis.com/upload/sites/larabakery/versions/69f5adca2b4d42ab/files/ca9a23a4a25d98ba9ed20072e8022ac50eb2e1a52bdde1ad1a9678b6767428c1 [none]
[debug] [2026-05-18T20:45:42.397Z] >>> [apiv2][body] POST https://upload-firebasehosting.googleapis.com/upload/sites/larabakery/versions/69f5adca2b4d42ab/files/ca9a23a4a25d98ba9ed20072e8022ac50eb2e1a52bdde1ad1a9678b6767428c1 [stream]
[debug] [2026-05-18T20:45:42.397Z] >>> [apiv2][query] POST https://upload-firebasehosting.googleapis.com/upload/sites/larabakery/versions/69f5adca2b4d42ab/files/ac9d02e1a8e34a2d89e61ee951ff2425bf3b0eb5021c481bfbdf7908b56e9228 [none]
[debug] [2026-05-18T20:45:42.397Z] >>> [apiv2][body] POST https://upload-firebasehosting.googleapis.com/upload/sites/larabakery/versions/69f5adca2b4d42ab/files/ac9d02e1a8e34a2d89e61ee951ff2425bf3b0eb5021c481bfbdf7908b56e9228 [stream]
[debug] [2026-05-18T20:45:42.398Z] >>> [apiv2][query] POST https://upload-firebasehosting.googleapis.com/upload/sites/larabakery/versions/69f5adca2b4d42ab/files/fe53ea5a22b263202ff124058a92b2538da384f4fa7a515e404e9a69abf00229 [none]
[debug] [2026-05-18T20:45:42.398Z] >>> [apiv2][body] POST https://upload-firebasehosting.googleapis.com/upload/sites/larabakery/versions/69f5adca2b4d42ab/files/fe53ea5a22b263202ff124058a92b2538da384f4fa7a515e404e9a69abf00229 [stream]
[debug] [2026-05-18T20:45:42.398Z] >>> [apiv2][query] POST https://upload-firebasehosting.googleapis.com/upload/sites/larabakery/versions/69f5adca2b4d42ab/files/76229d616f3b6cdfccf4222994476b17cf66c9bf79cdf2c64cc2a88e5dcc4761 [none]
[debug] [2026-05-18T20:45:42.398Z] >>> [apiv2][body] POST https://upload-firebasehosting.googleapis.com/upload/sites/larabakery/versions/69f5adca2b4d42ab/files/76229d616f3b6cdfccf4222994476b17cf66c9bf79cdf2c64cc2a88e5dcc4761 [stream]
[debug] [2026-05-18T20:45:42.398Z] >>> [apiv2][query] POST https://upload-firebasehosting.googleapis.com/upload/sites/larabakery/versions/69f5adca2b4d42ab/files/166781e36015b7afc54bd3a2cb27ca46cd559b69ad269214c20079be9a12f97e [none]
[debug] [2026-05-18T20:45:42.398Z] >>> [apiv2][body] POST https://upload-firebasehosting.googleapis.com/upload/sites/larabakery/versions/69f5adca2b4d42ab/files/166781e36015b7afc54bd3a2cb27ca46cd559b69ad269214c20079be9a12f97e [stream]
[debug] [2026-05-18T20:45:42.399Z] >>> [apiv2][query] POST https://upload-firebasehosting.googleapis.com/upload/sites/larabakery/versions/69f5adca2b4d42ab/files/738129682933b1204d860dcd31af851989e0c62404c6d6202a872b1a2f485abc [none]
[debug] [2026-05-18T20:45:42.399Z] >>> [apiv2][body] POST https://upload-firebasehosting.googleapis.com/upload/sites/larabakery/versions/69f5adca2b4d42ab/files/738129682933b1204d860dcd31af851989e0c62404c6d6202a872b1a2f485abc [stream]
[debug] [2026-05-18T20:45:42.399Z] >>> [apiv2][query] POST https://upload-firebasehosting.googleapis.com/upload/sites/larabakery/versions/69f5adca2b4d42ab/files/b8d62ff65787d24477716f23ee46176bfd425823b2315168780b0315e860f4c2 [none]
[debug] [2026-05-18T20:45:42.399Z] >>> [apiv2][body] POST https://upload-firebasehosting.googleapis.com/upload/sites/larabakery/versions/69f5adca2b4d42ab/files/b8d62ff65787d24477716f23ee46176bfd425823b2315168780b0315e860f4c2 [stream]
[debug] [2026-05-18T20:45:42.399Z] [hosting][populate queue][FINAL] {"max":720,"min":720,"avg":720,"active":0,"complete":1,"success":1,"errored":0,"retried":0,"total":1,"elapsed":766}
[debug] [2026-05-18T20:45:42.399Z] [hosting] uploads queued: 84
[debug] [2026-05-18T20:45:43.179Z] <<< [apiv2][status] POST https://upload-firebasehosting.googleapis.com/upload/sites/larabakery/versions/69f5adca2b4d42ab/files/2b095e8c84b7ddde80294c5278c448b5cbeae59d6441c050b09a895e7913ed48 200
[debug] [2026-05-18T20:45:43.179Z] <<< [apiv2][body] POST https://upload-firebasehosting.googleapis.com/upload/sites/larabakery/versions/69f5adca2b4d42ab/files/2b095e8c84b7ddde80294c5278c448b5cbeae59d6441c050b09a895e7913ed48 [stream]
[debug] [2026-05-18T20:45:43.190Z] <<< [apiv2][status] POST https://upload-firebasehosting.googleapis.com/upload/sites/larabakery/versions/69f5adca2b4d42ab/files/593e6fe2e3c915b22090b94aa7dd680490894dc58ff8af74f79da6404082be8b 200
[debug] [2026-05-18T20:45:43.190Z] <<< [apiv2][body] POST https://upload-firebasehosting.googleapis.com/upload/sites/larabakery/versions/69f5adca2b4d42ab/files/593e6fe2e3c915b22090b94aa7dd680490894dc58ff8af74f79da6404082be8b [stream]
[debug] [2026-05-18T20:45:43.195Z] <<< [apiv2][status] POST https://upload-firebasehosting.googleapis.com/upload/sites/larabakery/versions/69f5adca2b4d42ab/files/b70735bb60b4f4da687a333378ee1807752c71c1da375c68ad274988f7ca5c98 200
[debug] [2026-05-18T20:45:43.195Z] <<< [apiv2][body] POST https://upload-firebasehosting.googleapis.com/upload/sites/larabakery/versions/69f5adca2b4d42ab/files/b70735bb60b4f4da687a333378ee1807752c71c1da375c68ad274988f7ca5c98 [stream]
[debug] [2026-05-18T20:45:43.207Z] <<< [apiv2][status] POST https://upload-firebasehosting.googleapis.com/upload/sites/larabakery/versions/69f5adca2b4d42ab/files/a61de4a625a57b852cafdd5d8a85a6dfee94e422d55e03044c57e4c58f9ce2c8 200
[debug] [2026-05-18T20:45:43.207Z] <<< [apiv2][body] POST https://upload-firebasehosting.googleapis.com/upload/sites/larabakery/versions/69f5adca2b4d42ab/files/a61de4a625a57b852cafdd5d8a85a6dfee94e422d55e03044c57e4c58f9ce2c8 [stream]
[debug] [2026-05-18T20:45:43.241Z] <<< [apiv2][status] POST https://upload-firebasehosting.googleapis.com/upload/sites/larabakery/versions/69f5adca2b4d42ab/files/e38a1951c527d1b6af0ddec90cb970311b0b5b25473728708fbc38c417798f11 200
[debug] [2026-05-18T20:45:43.242Z] <<< [apiv2][body] POST https://upload-firebasehosting.googleapis.com/upload/sites/larabakery/versions/69f5adca2b4d42ab/files/e38a1951c527d1b6af0ddec90cb970311b0b5b25473728708fbc38c417798f11 [stream]
[debug] [2026-05-18T20:45:43.248Z] <<< [apiv2][status] POST https://upload-firebasehosting.googleapis.com/upload/sites/larabakery/versions/69f5adca2b4d42ab/files/d3bef0058e544a8015008427bc0b5d06b4ef7f0acfc043b085b3d995ec21258e 200
[debug] [2026-05-18T20:45:43.248Z] <<< [apiv2][body] POST https://upload-firebasehosting.googleapis.com/upload/sites/larabakery/versions/69f5adca2b4d42ab/files/d3bef0058e544a8015008427bc0b5d06b4ef7f0acfc043b085b3d995ec21258e [stream]
[debug] [2026-05-18T20:45:43.249Z] <<< [apiv2][status] POST https://upload-firebasehosting.googleapis.com/upload/sites/larabakery/versions/69f5adca2b4d42ab/files/627c21e63112897b75e414bb0afc1736175f2c83bd8d9931024a7e8bb1650e4a 200
[debug] [2026-05-18T20:45:43.249Z] <<< [apiv2][body] POST https://upload-firebasehosting.googleapis.com/upload/sites/larabakery/versions/69f5adca2b4d42ab/files/627c21e63112897b75e414bb0afc1736175f2c83bd8d9931024a7e8bb1650e4a [stream]
[debug] [2026-05-18T20:45:43.252Z] <<< [apiv2][status] POST https://upload-firebasehosting.googleapis.com/upload/sites/larabakery/versions/69f5adca2b4d42ab/files/0587dae994e03d6b2c0b5a58a6e5bbd557474782ea3b12da61f73efef533f58e 200
[debug] [2026-05-18T20:45:43.252Z] <<< [apiv2][body] POST https://upload-firebasehosting.googleapis.com/upload/sites/larabakery/versions/69f5adca2b4d42ab/files/0587dae994e03d6b2c0b5a58a6e5bbd557474782ea3b12da61f73efef533f58e [stream]
[debug] [2026-05-18T20:45:43.258Z] <<< [apiv2][status] POST https://upload-firebasehosting.googleapis.com/upload/sites/larabakery/versions/69f5adca2b4d42ab/files/69e81a9a44c23df55b42e099454a436cd66e2ee943c83bead7530a95cb5d284f 200
[debug] [2026-05-18T20:45:43.258Z] <<< [apiv2][body] POST https://upload-firebasehosting.googleapis.com/upload/sites/larabakery/versions/69f5adca2b4d42ab/files/69e81a9a44c23df55b42e099454a436cd66e2ee943c83bead7530a95cb5d284f [stream]
[debug] [2026-05-18T20:45:43.260Z] <<< [apiv2][status] POST https://upload-firebasehosting.googleapis.com/upload/sites/larabakery/versions/69f5adca2b4d42ab/files/9c3cc425a8b470e9af0583c4b1e84f207e60a89cc1e034f4d9514a089ca12106 200
[debug] [2026-05-18T20:45:43.260Z] <<< [apiv2][body] POST https://upload-firebasehosting.googleapis.com/upload/sites/larabakery/versions/69f5adca2b4d42ab/files/9c3cc425a8b470e9af0583c4b1e84f207e60a89cc1e034f4d9514a089ca12106 [stream]
[debug] [2026-05-18T20:45:43.262Z] <<< [apiv2][status] POST https://upload-firebasehosting.googleapis.com/upload/sites/larabakery/versions/69f5adca2b4d42ab/files/ba1d59187686f450f946d5a1a1dc1ec29329240219dbda848b273d5f45713c27 200
[debug] [2026-05-18T20:45:43.262Z] <<< [apiv2][body] POST https://upload-firebasehosting.googleapis.com/upload/sites/larabakery/versions/69f5adca2b4d42ab/files/ba1d59187686f450f946d5a1a1dc1ec29329240219dbda848b273d5f45713c27 [stream]
[debug] [2026-05-18T20:45:43.274Z] <<< [apiv2][status] POST https://upload-firebasehosting.googleapis.com/upload/sites/larabakery/versions/69f5adca2b4d42ab/files/9a0af52ed3398ab8337e1d7943dfb589321c32cba0fa913cedac59039dd2472c 200
[debug] [2026-05-18T20:45:43.274Z] <<< [apiv2][body] POST https://upload-firebasehosting.googleapis.com/upload/sites/larabakery/versions/69f5adca2b4d42ab/files/9a0af52ed3398ab8337e1d7943dfb589321c32cba0fa913cedac59039dd2472c [stream]
[debug] [2026-05-18T20:45:43.281Z] <<< [apiv2][status] POST https://upload-firebasehosting.googleapis.com/upload/sites/larabakery/versions/69f5adca2b4d42ab/files/ee6dd387f5067ab2c2a21c8b7cb99a4b6e3e06319190e40156d8b5f986f49819 200
[debug] [2026-05-18T20:45:43.281Z] <<< [apiv2][body] POST https://upload-firebasehosting.googleapis.com/upload/sites/larabakery/versions/69f5adca2b4d42ab/files/ee6dd387f5067ab2c2a21c8b7cb99a4b6e3e06319190e40156d8b5f986f49819 [stream]
[debug] [2026-05-18T20:45:43.284Z] <<< [apiv2][status] POST https://upload-firebasehosting.googleapis.com/upload/sites/larabakery/versions/69f5adca2b4d42ab/files/8bd453dda50cc0e19868019cb51f6eaf773eb236ef8507726326b3f3df52ad5a 200
[debug] [2026-05-18T20:45:43.284Z] <<< [apiv2][body] POST https://upload-firebasehosting.googleapis.com/upload/sites/larabakery/versions/69f5adca2b4d42ab/files/8bd453dda50cc0e19868019cb51f6eaf773eb236ef8507726326b3f3df52ad5a [stream]
[debug] [2026-05-18T20:45:43.295Z] <<< [apiv2][status] POST https://upload-firebasehosting.googleapis.com/upload/sites/larabakery/versions/69f5adca2b4d42ab/files/5be8e8bff870d933430ab24e6ba1a89c2af64f0fdc46f125cbb70c63e3361326 200
[debug] [2026-05-18T20:45:43.295Z] <<< [apiv2][body] POST https://upload-firebasehosting.googleapis.com/upload/sites/larabakery/versions/69f5adca2b4d42ab/files/5be8e8bff870d933430ab24e6ba1a89c2af64f0fdc46f125cbb70c63e3361326 [stream]
[debug] [2026-05-18T20:45:43.301Z] <<< [apiv2][status] POST https://upload-firebasehosting.googleapis.com/upload/sites/larabakery/versions/69f5adca2b4d42ab/files/c87ca8bf8c03a6e25ad23d393c8be86397b673a083317890c0a966166355d877 200
[debug] [2026-05-18T20:45:43.301Z] <<< [apiv2][body] POST https://upload-firebasehosting.googleapis.com/upload/sites/larabakery/versions/69f5adca2b4d42ab/files/c87ca8bf8c03a6e25ad23d393c8be86397b673a083317890c0a966166355d877 [stream]
[debug] [2026-05-18T20:45:43.302Z] <<< [apiv2][status] POST https://upload-firebasehosting.googleapis.com/upload/sites/larabakery/versions/69f5adca2b4d42ab/files/fe67b6e1f122e4a3d604f422933ac1c5c6ad64d070bad2ebe0741884bf7b1700 200
[debug] [2026-05-18T20:45:43.302Z] <<< [apiv2][body] POST https://upload-firebasehosting.googleapis.com/upload/sites/larabakery/versions/69f5adca2b4d42ab/files/fe67b6e1f122e4a3d604f422933ac1c5c6ad64d070bad2ebe0741884bf7b1700 [stream]
[debug] [2026-05-18T20:45:43.305Z] <<< [apiv2][status] POST https://upload-firebasehosting.googleapis.com/upload/sites/larabakery/versions/69f5adca2b4d42ab/files/374c79738f4200b2bad8fee1328e52af0e3357ecad408ee51995fb596762a0ae 200
[debug] [2026-05-18T20:45:43.305Z] <<< [apiv2][body] POST https://upload-firebasehosting.googleapis.com/upload/sites/larabakery/versions/69f5adca2b4d42ab/files/374c79738f4200b2bad8fee1328e52af0e3357ecad408ee51995fb596762a0ae [stream]
[debug] [2026-05-18T20:45:43.305Z] <<< [apiv2][status] POST https://upload-firebasehosting.googleapis.com/upload/sites/larabakery/versions/69f5adca2b4d42ab/files/1705decffd766fb0bf52d3e4fcb0543ccc0dcd87dd1f7a1f5f2d4023f0523e61 200
[debug] [2026-05-18T20:45:43.305Z] <<< [apiv2][body] POST https://upload-firebasehosting.googleapis.com/upload/sites/larabakery/versions/69f5adca2b4d42ab/files/1705decffd766fb0bf52d3e4fcb0543ccc0dcd87dd1f7a1f5f2d4023f0523e61 [stream]
[debug] [2026-05-18T20:45:43.315Z] <<< [apiv2][status] POST https://upload-firebasehosting.googleapis.com/upload/sites/larabakery/versions/69f5adca2b4d42ab/files/e11409ce9897702019c6bc72c979ba819d42d7b803dbb7df8c833975fddc9a5c 200
[debug] [2026-05-18T20:45:43.316Z] <<< [apiv2][body] POST https://upload-firebasehosting.googleapis.com/upload/sites/larabakery/versions/69f5adca2b4d42ab/files/e11409ce9897702019c6bc72c979ba819d42d7b803dbb7df8c833975fddc9a5c [stream]
[debug] [2026-05-18T20:45:43.330Z] <<< [apiv2][status] POST https://upload-firebasehosting.googleapis.com/upload/sites/larabakery/versions/69f5adca2b4d42ab/files/2f5db0fc2c17664c8aa2e1374a8483b018ec1c5ed6d7630b103b4ccb915bc557 200
[debug] [2026-05-18T20:45:43.330Z] <<< [apiv2][body] POST https://upload-firebasehosting.googleapis.com/upload/sites/larabakery/versions/69f5adca2b4d42ab/files/2f5db0fc2c17664c8aa2e1374a8483b018ec1c5ed6d7630b103b4ccb915bc557 [stream]
[debug] [2026-05-18T20:45:43.336Z] <<< [apiv2][status] POST https://upload-firebasehosting.googleapis.com/upload/sites/larabakery/versions/69f5adca2b4d42ab/files/dc68160620ef4ba8de3c279b79d26e993bbec7a828e82b88e40c66819f737a30 200
[debug] [2026-05-18T20:45:43.336Z] <<< [apiv2][body] POST https://upload-firebasehosting.googleapis.com/upload/sites/larabakery/versions/69f5adca2b4d42ab/files/dc68160620ef4ba8de3c279b79d26e993bbec7a828e82b88e40c66819f737a30 [stream]
[debug] [2026-05-18T20:45:43.349Z] <<< [apiv2][status] POST https://upload-firebasehosting.googleapis.com/upload/sites/larabakery/versions/69f5adca2b4d42ab/files/b8db42b482b5a267947f131c8bd67307def7c8582baf1ec147fd2e1ead9a0acb 200
[debug] [2026-05-18T20:45:43.349Z] <<< [apiv2][body] POST https://upload-firebasehosting.googleapis.com/upload/sites/larabakery/versions/69f5adca2b4d42ab/files/b8db42b482b5a267947f131c8bd67307def7c8582baf1ec147fd2e1ead9a0acb [stream]
[debug] [2026-05-18T20:45:43.357Z] <<< [apiv2][status] POST https://upload-firebasehosting.googleapis.com/upload/sites/larabakery/versions/69f5adca2b4d42ab/files/7ec3a31d58d56085116a38ac589f6d56dbae284afa324af90e7143aff82f837d 200
[debug] [2026-05-18T20:45:43.357Z] <<< [apiv2][body] POST https://upload-firebasehosting.googleapis.com/upload/sites/larabakery/versions/69f5adca2b4d42ab/files/7ec3a31d58d56085116a38ac589f6d56dbae284afa324af90e7143aff82f837d [stream]
[debug] [2026-05-18T20:45:43.359Z] <<< [apiv2][status] POST https://upload-firebasehosting.googleapis.com/upload/sites/larabakery/versions/69f5adca2b4d42ab/files/0a8051f3913173b0a5f9a23806bbac44a001354a25923e24fbd69860fad7648c 200
[debug] [2026-05-18T20:45:43.359Z] <<< [apiv2][body] POST https://upload-firebasehosting.googleapis.com/upload/sites/larabakery/versions/69f5adca2b4d42ab/files/0a8051f3913173b0a5f9a23806bbac44a001354a25923e24fbd69860fad7648c [stream]
[debug] [2026-05-18T20:45:43.365Z] <<< [apiv2][status] POST https://upload-firebasehosting.googleapis.com/upload/sites/larabakery/versions/69f5adca2b4d42ab/files/3b3312ba1a4fe5b7852253e1381f444c50aec85e2a9237864131af8336798b39 200
[debug] [2026-05-18T20:45:43.365Z] <<< [apiv2][body] POST https://upload-firebasehosting.googleapis.com/upload/sites/larabakery/versions/69f5adca2b4d42ab/files/3b3312ba1a4fe5b7852253e1381f444c50aec85e2a9237864131af8336798b39 [stream]
[debug] [2026-05-18T20:45:43.375Z] <<< [apiv2][status] POST https://upload-firebasehosting.googleapis.com/upload/sites/larabakery/versions/69f5adca2b4d42ab/files/1c33ac9b2f94ecda5f9e5aa3e88f5bf65a547b4cb445dffdab95117feed1fd7d 200
[debug] [2026-05-18T20:45:43.375Z] <<< [apiv2][body] POST https://upload-firebasehosting.googleapis.com/upload/sites/larabakery/versions/69f5adca2b4d42ab/files/1c33ac9b2f94ecda5f9e5aa3e88f5bf65a547b4cb445dffdab95117feed1fd7d [stream]
[debug] [2026-05-18T20:45:43.392Z] <<< [apiv2][status] POST https://upload-firebasehosting.googleapis.com/upload/sites/larabakery/versions/69f5adca2b4d42ab/files/7ad7c6133bb9d636c7a3787dd6f0939b8dcc72db80289274c0c7d14581ea0a91 200
[debug] [2026-05-18T20:45:43.393Z] <<< [apiv2][body] POST https://upload-firebasehosting.googleapis.com/upload/sites/larabakery/versions/69f5adca2b4d42ab/files/7ad7c6133bb9d636c7a3787dd6f0939b8dcc72db80289274c0c7d14581ea0a91 [stream]
[debug] [2026-05-18T20:45:43.396Z] <<< [apiv2][status] POST https://upload-firebasehosting.googleapis.com/upload/sites/larabakery/versions/69f5adca2b4d42ab/files/00dcd5f9d690d07a00fcc8dc3079a594f748b89e86b7e8cb1b153c96bd4ccac4 200
[debug] [2026-05-18T20:45:43.396Z] <<< [apiv2][body] POST https://upload-firebasehosting.googleapis.com/upload/sites/larabakery/versions/69f5adca2b4d42ab/files/00dcd5f9d690d07a00fcc8dc3079a594f748b89e86b7e8cb1b153c96bd4ccac4 [stream]
[debug] [2026-05-18T20:45:43.415Z] <<< [apiv2][status] POST https://upload-firebasehosting.googleapis.com/upload/sites/larabakery/versions/69f5adca2b4d42ab/files/5c089e360ee89b281059b7e78e6347d6d33b81d2d09b5ce5cb8d8ed82fe70be0 200
[debug] [2026-05-18T20:45:43.415Z] <<< [apiv2][body] POST https://upload-firebasehosting.googleapis.com/upload/sites/larabakery/versions/69f5adca2b4d42ab/files/5c089e360ee89b281059b7e78e6347d6d33b81d2d09b5ce5cb8d8ed82fe70be0 [stream]
[debug] [2026-05-18T20:45:43.426Z] <<< [apiv2][status] POST https://upload-firebasehosting.googleapis.com/upload/sites/larabakery/versions/69f5adca2b4d42ab/files/4613c1e9a4b02ad9f4b3198b8845eb0eb30bb98662c29f611326ab8937ba833d 200
[debug] [2026-05-18T20:45:43.426Z] <<< [apiv2][body] POST https://upload-firebasehosting.googleapis.com/upload/sites/larabakery/versions/69f5adca2b4d42ab/files/4613c1e9a4b02ad9f4b3198b8845eb0eb30bb98662c29f611326ab8937ba833d [stream]
[debug] [2026-05-18T20:45:43.454Z] <<< [apiv2][status] POST https://upload-firebasehosting.googleapis.com/upload/sites/larabakery/versions/69f5adca2b4d42ab/files/c62912fb84a5ec396bd891fccda938ec6dd9fbf3d3f26e3b89d8b0b043a687a5 200
[debug] [2026-05-18T20:45:43.454Z] <<< [apiv2][body] POST https://upload-firebasehosting.googleapis.com/upload/sites/larabakery/versions/69f5adca2b4d42ab/files/c62912fb84a5ec396bd891fccda938ec6dd9fbf3d3f26e3b89d8b0b043a687a5 [stream]
[debug] [2026-05-18T20:45:43.455Z] <<< [apiv2][status] POST https://upload-firebasehosting.googleapis.com/upload/sites/larabakery/versions/69f5adca2b4d42ab/files/d0633f38ee7767048151537a6f6678ae776d54f2269c36986790b14c710381f7 200
[debug] [2026-05-18T20:45:43.455Z] <<< [apiv2][body] POST https://upload-firebasehosting.googleapis.com/upload/sites/larabakery/versions/69f5adca2b4d42ab/files/d0633f38ee7767048151537a6f6678ae776d54f2269c36986790b14c710381f7 [stream]
[debug] [2026-05-18T20:45:43.469Z] <<< [apiv2][status] POST https://upload-firebasehosting.googleapis.com/upload/sites/larabakery/versions/69f5adca2b4d42ab/files/7c8bff8a2e44cb06ee55a0f8ec0c1a36abc11ee81d76989f6c3729b7ccdee77a 200
[debug] [2026-05-18T20:45:43.469Z] <<< [apiv2][body] POST https://upload-firebasehosting.googleapis.com/upload/sites/larabakery/versions/69f5adca2b4d42ab/files/7c8bff8a2e44cb06ee55a0f8ec0c1a36abc11ee81d76989f6c3729b7ccdee77a [stream]
[debug] [2026-05-18T20:45:43.474Z] <<< [apiv2][status] POST https://upload-firebasehosting.googleapis.com/upload/sites/larabakery/versions/69f5adca2b4d42ab/files/ec4443acec6ec9f4811a28c0f7425786eece8f650f7cf7cbbd86367cdba88adb 200
[debug] [2026-05-18T20:45:43.474Z] <<< [apiv2][body] POST https://upload-firebasehosting.googleapis.com/upload/sites/larabakery/versions/69f5adca2b4d42ab/files/ec4443acec6ec9f4811a28c0f7425786eece8f650f7cf7cbbd86367cdba88adb [stream]
[debug] [2026-05-18T20:45:43.474Z] <<< [apiv2][status] POST https://upload-firebasehosting.googleapis.com/upload/sites/larabakery/versions/69f5adca2b4d42ab/files/898bfd3025bc24aacdd3076f3d44250e00492a04aef01d22558eaf5f573ceb6c 200
[debug] [2026-05-18T20:45:43.474Z] <<< [apiv2][body] POST https://upload-firebasehosting.googleapis.com/upload/sites/larabakery/versions/69f5adca2b4d42ab/files/898bfd3025bc24aacdd3076f3d44250e00492a04aef01d22558eaf5f573ceb6c [stream]
[debug] [2026-05-18T20:45:43.490Z] <<< [apiv2][status] POST https://upload-firebasehosting.googleapis.com/upload/sites/larabakery/versions/69f5adca2b4d42ab/files/b0f44159ce4df873aa26fb167e0c08dc46d0fdadcf30a09eb2b8dc93e4f887a3 200
[debug] [2026-05-18T20:45:43.490Z] <<< [apiv2][body] POST https://upload-firebasehosting.googleapis.com/upload/sites/larabakery/versions/69f5adca2b4d42ab/files/b0f44159ce4df873aa26fb167e0c08dc46d0fdadcf30a09eb2b8dc93e4f887a3 [stream]
[debug] [2026-05-18T20:45:43.499Z] <<< [apiv2][status] POST https://upload-firebasehosting.googleapis.com/upload/sites/larabakery/versions/69f5adca2b4d42ab/files/5b449983d184629ea3935605ee289aa3bae26dc402350d90a17e36ba492c7e18 200
[debug] [2026-05-18T20:45:43.499Z] <<< [apiv2][body] POST https://upload-firebasehosting.googleapis.com/upload/sites/larabakery/versions/69f5adca2b4d42ab/files/5b449983d184629ea3935605ee289aa3bae26dc402350d90a17e36ba492c7e18 [stream]
[debug] [2026-05-18T20:45:43.504Z] <<< [apiv2][status] POST https://upload-firebasehosting.googleapis.com/upload/sites/larabakery/versions/69f5adca2b4d42ab/files/eb23d54369e16177427cb762f0de748a1db905c09edc464c4d33ee06cecca140 200
[debug] [2026-05-18T20:45:43.504Z] <<< [apiv2][body] POST https://upload-firebasehosting.googleapis.com/upload/sites/larabakery/versions/69f5adca2b4d42ab/files/eb23d54369e16177427cb762f0de748a1db905c09edc464c4d33ee06cecca140 [stream]
[info] i  hosting: uploading new files [39/84] (46%) 
[debug] [2026-05-18T20:45:43.528Z] <<< [apiv2][status] POST https://upload-firebasehosting.googleapis.com/upload/sites/larabakery/versions/69f5adca2b4d42ab/files/7f54bb3481657e1e902eb29e650a893a84371c052cb9a00f38626aa0750cfffa 200
[debug] [2026-05-18T20:45:43.528Z] <<< [apiv2][body] POST https://upload-firebasehosting.googleapis.com/upload/sites/larabakery/versions/69f5adca2b4d42ab/files/7f54bb3481657e1e902eb29e650a893a84371c052cb9a00f38626aa0750cfffa [stream]
[debug] [2026-05-18T20:45:43.554Z] <<< [apiv2][status] POST https://upload-firebasehosting.googleapis.com/upload/sites/larabakery/versions/69f5adca2b4d42ab/files/91813f70674e30457a0c759e19b2969cece2034c1a4530aa28b70b552fdafafa 200
[debug] [2026-05-18T20:45:43.554Z] <<< [apiv2][body] POST https://upload-firebasehosting.googleapis.com/upload/sites/larabakery/versions/69f5adca2b4d42ab/files/91813f70674e30457a0c759e19b2969cece2034c1a4530aa28b70b552fdafafa [stream]
[debug] [2026-05-18T20:45:43.554Z] <<< [apiv2][status] POST https://upload-firebasehosting.googleapis.com/upload/sites/larabakery/versions/69f5adca2b4d42ab/files/657159a898e6cda8a27b02ca100f5c5b179c56e745a58582e0b02dd6bb8874f5 200
[debug] [2026-05-18T20:45:43.554Z] <<< [apiv2][body] POST https://upload-firebasehosting.googleapis.com/upload/sites/larabakery/versions/69f5adca2b4d42ab/files/657159a898e6cda8a27b02ca100f5c5b179c56e745a58582e0b02dd6bb8874f5 [stream]
[debug] [2026-05-18T20:45:43.554Z] <<< [apiv2][status] POST https://upload-firebasehosting.googleapis.com/upload/sites/larabakery/versions/69f5adca2b4d42ab/files/e0da7b180f05f0e8a4794dd85bcd6cbe6afa6572c4f4e318bb1b38376bc19f06 200
[debug] [2026-05-18T20:45:43.554Z] <<< [apiv2][body] POST https://upload-firebasehosting.googleapis.com/upload/sites/larabakery/versions/69f5adca2b4d42ab/files/e0da7b180f05f0e8a4794dd85bcd6cbe6afa6572c4f4e318bb1b38376bc19f06 [stream]
[debug] [2026-05-18T20:45:43.568Z] <<< [apiv2][status] POST https://upload-firebasehosting.googleapis.com/upload/sites/larabakery/versions/69f5adca2b4d42ab/files/c02f586dc5824bbecb498bc7a66d58c73ea5b3a7abdbb4aa529c66d9dbde0f60 200
[debug] [2026-05-18T20:45:43.568Z] <<< [apiv2][body] POST https://upload-firebasehosting.googleapis.com/upload/sites/larabakery/versions/69f5adca2b4d42ab/files/c02f586dc5824bbecb498bc7a66d58c73ea5b3a7abdbb4aa529c66d9dbde0f60 [stream]
[debug] [2026-05-18T20:45:43.583Z] <<< [apiv2][status] POST https://upload-firebasehosting.googleapis.com/upload/sites/larabakery/versions/69f5adca2b4d42ab/files/ac1cae8ee912ec9936d98fbf8c96545555dab8a4ddd34d287ff6e0f54a112ca4 200
[debug] [2026-05-18T20:45:43.583Z] <<< [apiv2][body] POST https://upload-firebasehosting.googleapis.com/upload/sites/larabakery/versions/69f5adca2b4d42ab/files/ac1cae8ee912ec9936d98fbf8c96545555dab8a4ddd34d287ff6e0f54a112ca4 [stream]
[debug] [2026-05-18T20:45:43.591Z] <<< [apiv2][status] POST https://upload-firebasehosting.googleapis.com/upload/sites/larabakery/versions/69f5adca2b4d42ab/files/ca9a23a4a25d98ba9ed20072e8022ac50eb2e1a52bdde1ad1a9678b6767428c1 200
[debug] [2026-05-18T20:45:43.591Z] <<< [apiv2][body] POST https://upload-firebasehosting.googleapis.com/upload/sites/larabakery/versions/69f5adca2b4d42ab/files/ca9a23a4a25d98ba9ed20072e8022ac50eb2e1a52bdde1ad1a9678b6767428c1 [stream]
[debug] [2026-05-18T20:45:43.607Z] <<< [apiv2][status] POST https://upload-firebasehosting.googleapis.com/upload/sites/larabakery/versions/69f5adca2b4d42ab/files/760f37310a110b984b186aa88b70dd9db591b2da29dfdeed5d244134022bdcdb 200
[debug] [2026-05-18T20:45:43.607Z] <<< [apiv2][body] POST https://upload-firebasehosting.googleapis.com/upload/sites/larabakery/versions/69f5adca2b4d42ab/files/760f37310a110b984b186aa88b70dd9db591b2da29dfdeed5d244134022bdcdb [stream]
[debug] [2026-05-18T20:45:43.609Z] <<< [apiv2][status] POST https://upload-firebasehosting.googleapis.com/upload/sites/larabakery/versions/69f5adca2b4d42ab/files/464ef4b2fe76dfd4839d376284d46431a832b387e5e96b2dd747aec387ffa5b0 200
[debug] [2026-05-18T20:45:43.609Z] <<< [apiv2][body] POST https://upload-firebasehosting.googleapis.com/upload/sites/larabakery/versions/69f5adca2b4d42ab/files/464ef4b2fe76dfd4839d376284d46431a832b387e5e96b2dd747aec387ffa5b0 [stream]
[debug] [2026-05-18T20:45:43.642Z] <<< [apiv2][status] POST https://upload-firebasehosting.googleapis.com/upload/sites/larabakery/versions/69f5adca2b4d42ab/files/12f1645555f7b55238a7381a37101ac4f280fa5e9c10cfc0437c4a05a02bfbd5 200
[debug] [2026-05-18T20:45:43.642Z] <<< [apiv2][body] POST https://upload-firebasehosting.googleapis.com/upload/sites/larabakery/versions/69f5adca2b4d42ab/files/12f1645555f7b55238a7381a37101ac4f280fa5e9c10cfc0437c4a05a02bfbd5 [stream]
[debug] [2026-05-18T20:45:43.652Z] <<< [apiv2][status] POST https://upload-firebasehosting.googleapis.com/upload/sites/larabakery/versions/69f5adca2b4d42ab/files/e44cde9f66a10c3d96068a0f00b0d994db9a1866343df27b9d761f8c73ca9e71 200
[debug] [2026-05-18T20:45:43.653Z] <<< [apiv2][body] POST https://upload-firebasehosting.googleapis.com/upload/sites/larabakery/versions/69f5adca2b4d42ab/files/e44cde9f66a10c3d96068a0f00b0d994db9a1866343df27b9d761f8c73ca9e71 [stream]
[debug] [2026-05-18T20:45:43.654Z] <<< [apiv2][status] POST https://upload-firebasehosting.googleapis.com/upload/sites/larabakery/versions/69f5adca2b4d42ab/files/4554a0711cb81a17a37585bd82d1c4ddca75d56bb083599270712af98cfa7d6f 200
[debug] [2026-05-18T20:45:43.654Z] <<< [apiv2][body] POST https://upload-firebasehosting.googleapis.com/upload/sites/larabakery/versions/69f5adca2b4d42ab/files/4554a0711cb81a17a37585bd82d1c4ddca75d56bb083599270712af98cfa7d6f [stream]
[debug] [2026-05-18T20:45:43.655Z] <<< [apiv2][status] POST https://upload-firebasehosting.googleapis.com/upload/sites/larabakery/versions/69f5adca2b4d42ab/files/f6c1f8901cfa0e7515466f060d24990e995e68c8e54fa1d428148149a0d6e09d 200
[debug] [2026-05-18T20:45:43.655Z] <<< [apiv2][body] POST https://upload-firebasehosting.googleapis.com/upload/sites/larabakery/versions/69f5adca2b4d42ab/files/f6c1f8901cfa0e7515466f060d24990e995e68c8e54fa1d428148149a0d6e09d [stream]
[debug] [2026-05-18T20:45:43.664Z] <<< [apiv2][status] POST https://upload-firebasehosting.googleapis.com/upload/sites/larabakery/versions/69f5adca2b4d42ab/files/487ab078819b86af92cb98a491e11fddd2139e72e5c0a18bb20a3f4b884c76b0 200
[debug] [2026-05-18T20:45:43.664Z] <<< [apiv2][body] POST https://upload-firebasehosting.googleapis.com/upload/sites/larabakery/versions/69f5adca2b4d42ab/files/487ab078819b86af92cb98a491e11fddd2139e72e5c0a18bb20a3f4b884c76b0 [stream]
[debug] [2026-05-18T20:45:43.671Z] <<< [apiv2][status] POST https://upload-firebasehosting.googleapis.com/upload/sites/larabakery/versions/69f5adca2b4d42ab/files/62071fa1ccccc1b6f140622a5674f318509a7c79dee81338e21f991c6c01d29d 200
[debug] [2026-05-18T20:45:43.671Z] <<< [apiv2][body] POST https://upload-firebasehosting.googleapis.com/upload/sites/larabakery/versions/69f5adca2b4d42ab/files/62071fa1ccccc1b6f140622a5674f318509a7c79dee81338e21f991c6c01d29d [stream]
[debug] [2026-05-18T20:45:43.698Z] <<< [apiv2][status] POST https://upload-firebasehosting.googleapis.com/upload/sites/larabakery/versions/69f5adca2b4d42ab/files/f792dde3a5074ed7a1ec3bd460b71e60487f31473823fef2893a66fd00132baa 200
[debug] [2026-05-18T20:45:43.698Z] <<< [apiv2][body] POST https://upload-firebasehosting.googleapis.com/upload/sites/larabakery/versions/69f5adca2b4d42ab/files/f792dde3a5074ed7a1ec3bd460b71e60487f31473823fef2893a66fd00132baa [stream]
[debug] [2026-05-18T20:45:43.705Z] <<< [apiv2][status] POST https://upload-firebasehosting.googleapis.com/upload/sites/larabakery/versions/69f5adca2b4d42ab/files/4afe1c03b4bc48077e6b821885a058be314d339c395020d3ad80d613810e0921 200
[debug] [2026-05-18T20:45:43.705Z] <<< [apiv2][body] POST https://upload-firebasehosting.googleapis.com/upload/sites/larabakery/versions/69f5adca2b4d42ab/files/4afe1c03b4bc48077e6b821885a058be314d339c395020d3ad80d613810e0921 [stream]
[debug] [2026-05-18T20:45:43.905Z] <<< [apiv2][status] POST https://upload-firebasehosting.googleapis.com/upload/sites/larabakery/versions/69f5adca2b4d42ab/files/71c628c3b097cf9a80f60ac51373c93fe9c89f914a2b2e8730338e5bcac6c82f 200
[debug] [2026-05-18T20:45:43.905Z] <<< [apiv2][body] POST https://upload-firebasehosting.googleapis.com/upload/sites/larabakery/versions/69f5adca2b4d42ab/files/71c628c3b097cf9a80f60ac51373c93fe9c89f914a2b2e8730338e5bcac6c82f [stream]
[debug] [2026-05-18T20:45:44.029Z] <<< [apiv2][status] POST https://upload-firebasehosting.googleapis.com/upload/sites/larabakery/versions/69f5adca2b4d42ab/files/8aaf20b003926d0ea951fe488815309e555a2a7fb013bb73a9b3d52d9fa55bee 200
[debug] [2026-05-18T20:45:44.030Z] <<< [apiv2][body] POST https://upload-firebasehosting.googleapis.com/upload/sites/larabakery/versions/69f5adca2b4d42ab/files/8aaf20b003926d0ea951fe488815309e555a2a7fb013bb73a9b3d52d9fa55bee [stream]
[debug] [2026-05-18T20:45:44.325Z] <<< [apiv2][status] POST https://upload-firebasehosting.googleapis.com/upload/sites/larabakery/versions/69f5adca2b4d42ab/files/ac14a8c74ce92ad37f1e691d15854b6a12b9e9ee3287588882e1f17307d4ae37 200
[debug] [2026-05-18T20:45:44.325Z] <<< [apiv2][body] POST https://upload-firebasehosting.googleapis.com/upload/sites/larabakery/versions/69f5adca2b4d42ab/files/ac14a8c74ce92ad37f1e691d15854b6a12b9e9ee3287588882e1f17307d4ae37 [stream]
[debug] [2026-05-18T20:45:44.350Z] <<< [apiv2][status] POST https://upload-firebasehosting.googleapis.com/upload/sites/larabakery/versions/69f5adca2b4d42ab/files/f7118d846c450e511f02b628a993f1b6524194023ffd551214b4819402faada3 200
[debug] [2026-05-18T20:45:44.350Z] <<< [apiv2][body] POST https://upload-firebasehosting.googleapis.com/upload/sites/larabakery/versions/69f5adca2b4d42ab/files/f7118d846c450e511f02b628a993f1b6524194023ffd551214b4819402faada3 [stream]
[debug] [2026-05-18T20:45:44.384Z] <<< [apiv2][status] POST https://upload-firebasehosting.googleapis.com/upload/sites/larabakery/versions/69f5adca2b4d42ab/files/e0119a57be3b578fd3267b98acfe9da3a21b7ffc7107fa264bb7646b001e51dc 200
[debug] [2026-05-18T20:45:44.384Z] <<< [apiv2][body] POST https://upload-firebasehosting.googleapis.com/upload/sites/larabakery/versions/69f5adca2b4d42ab/files/e0119a57be3b578fd3267b98acfe9da3a21b7ffc7107fa264bb7646b001e51dc [stream]
[debug] [2026-05-18T20:45:44.394Z] <<< [apiv2][status] POST https://upload-firebasehosting.googleapis.com/upload/sites/larabakery/versions/69f5adca2b4d42ab/files/dd463c48454d245df81426e4b6203d20cf942fdaa50a2f666063865862a7935a 200
[debug] [2026-05-18T20:45:44.394Z] <<< [apiv2][body] POST https://upload-firebasehosting.googleapis.com/upload/sites/larabakery/versions/69f5adca2b4d42ab/files/dd463c48454d245df81426e4b6203d20cf942fdaa50a2f666063865862a7935a [stream]
[debug] [2026-05-18T20:45:44.396Z] <<< [apiv2][status] POST https://upload-firebasehosting.googleapis.com/upload/sites/larabakery/versions/69f5adca2b4d42ab/files/f3a5a2e2db14e2f11241ab72008c7f8d670b9c8df2a0c38d183031cbed1e2d2a 200
[debug] [2026-05-18T20:45:44.396Z] <<< [apiv2][body] POST https://upload-firebasehosting.googleapis.com/upload/sites/larabakery/versions/69f5adca2b4d42ab/files/f3a5a2e2db14e2f11241ab72008c7f8d670b9c8df2a0c38d183031cbed1e2d2a [stream]
[debug] [2026-05-18T20:45:44.399Z] <<< [apiv2][status] POST https://upload-firebasehosting.googleapis.com/upload/sites/larabakery/versions/69f5adca2b4d42ab/files/45cb7a95df5b921e5b0cf3d942ff7086687ac25b38ba6d8e832dce3867ad7bbe 200
[debug] [2026-05-18T20:45:44.399Z] <<< [apiv2][body] POST https://upload-firebasehosting.googleapis.com/upload/sites/larabakery/versions/69f5adca2b4d42ab/files/45cb7a95df5b921e5b0cf3d942ff7086687ac25b38ba6d8e832dce3867ad7bbe [stream]
[debug] [2026-05-18T20:45:44.401Z] <<< [apiv2][status] POST https://upload-firebasehosting.googleapis.com/upload/sites/larabakery/versions/69f5adca2b4d42ab/files/c540605be7401a94277c7471e0420515cf799b0c2f13732360a81086c599f391 200
[debug] [2026-05-18T20:45:44.401Z] <<< [apiv2][body] POST https://upload-firebasehosting.googleapis.com/upload/sites/larabakery/versions/69f5adca2b4d42ab/files/c540605be7401a94277c7471e0420515cf799b0c2f13732360a81086c599f391 [stream]
[debug] [2026-05-18T20:45:44.485Z] <<< [apiv2][status] POST https://upload-firebasehosting.googleapis.com/upload/sites/larabakery/versions/69f5adca2b4d42ab/files/ee01209b25773676d700353e866c2d24cdfd751f4e037a493b79031295125608 200
[debug] [2026-05-18T20:45:44.485Z] <<< [apiv2][body] POST https://upload-firebasehosting.googleapis.com/upload/sites/larabakery/versions/69f5adca2b4d42ab/files/ee01209b25773676d700353e866c2d24cdfd751f4e037a493b79031295125608 [stream]
[debug] [2026-05-18T20:45:44.495Z] <<< [apiv2][status] POST https://upload-firebasehosting.googleapis.com/upload/sites/larabakery/versions/69f5adca2b4d42ab/files/76229d616f3b6cdfccf4222994476b17cf66c9bf79cdf2c64cc2a88e5dcc4761 200
[debug] [2026-05-18T20:45:44.495Z] <<< [apiv2][body] POST https://upload-firebasehosting.googleapis.com/upload/sites/larabakery/versions/69f5adca2b4d42ab/files/76229d616f3b6cdfccf4222994476b17cf66c9bf79cdf2c64cc2a88e5dcc4761 [stream]
[debug] [2026-05-18T20:45:44.520Z] <<< [apiv2][status] POST https://upload-firebasehosting.googleapis.com/upload/sites/larabakery/versions/69f5adca2b4d42ab/files/b8d62ff65787d24477716f23ee46176bfd425823b2315168780b0315e860f4c2 200
[debug] [2026-05-18T20:45:44.520Z] <<< [apiv2][body] POST https://upload-firebasehosting.googleapis.com/upload/sites/larabakery/versions/69f5adca2b4d42ab/files/b8d62ff65787d24477716f23ee46176bfd425823b2315168780b0315e860f4c2 [stream]
[debug] [2026-05-18T20:45:44.525Z] <<< [apiv2][status] POST https://upload-firebasehosting.googleapis.com/upload/sites/larabakery/versions/69f5adca2b4d42ab/files/fe53ea5a22b263202ff124058a92b2538da384f4fa7a515e404e9a69abf00229 200
[debug] [2026-05-18T20:45:44.525Z] <<< [apiv2][body] POST https://upload-firebasehosting.googleapis.com/upload/sites/larabakery/versions/69f5adca2b4d42ab/files/fe53ea5a22b263202ff124058a92b2538da384f4fa7a515e404e9a69abf00229 [stream]
[debug] [2026-05-18T20:45:44.534Z] <<< [apiv2][status] POST https://upload-firebasehosting.googleapis.com/upload/sites/larabakery/versions/69f5adca2b4d42ab/files/166781e36015b7afc54bd3a2cb27ca46cd559b69ad269214c20079be9a12f97e 200
[debug] [2026-05-18T20:45:44.535Z] <<< [apiv2][body] POST https://upload-firebasehosting.googleapis.com/upload/sites/larabakery/versions/69f5adca2b4d42ab/files/166781e36015b7afc54bd3a2cb27ca46cd559b69ad269214c20079be9a12f97e [stream]
[debug] [2026-05-18T20:45:44.561Z] <<< [apiv2][status] POST https://upload-firebasehosting.googleapis.com/upload/sites/larabakery/versions/69f5adca2b4d42ab/files/738129682933b1204d860dcd31af851989e0c62404c6d6202a872b1a2f485abc 200
[debug] [2026-05-18T20:45:44.561Z] <<< [apiv2][body] POST https://upload-firebasehosting.googleapis.com/upload/sites/larabakery/versions/69f5adca2b4d42ab/files/738129682933b1204d860dcd31af851989e0c62404c6d6202a872b1a2f485abc [stream]
[debug] [2026-05-18T20:45:44.564Z] <<< [apiv2][status] POST https://upload-firebasehosting.googleapis.com/upload/sites/larabakery/versions/69f5adca2b4d42ab/files/9a1c308305a25a0ffc4688a4ec2c464fd12b448ce5728ccdc8f7eb89e8f65505 200
[debug] [2026-05-18T20:45:44.564Z] <<< [apiv2][body] POST https://upload-firebasehosting.googleapis.com/upload/sites/larabakery/versions/69f5adca2b4d42ab/files/9a1c308305a25a0ffc4688a4ec2c464fd12b448ce5728ccdc8f7eb89e8f65505 [stream]
[debug] [2026-05-18T20:45:44.578Z] <<< [apiv2][status] POST https://upload-firebasehosting.googleapis.com/upload/sites/larabakery/versions/69f5adca2b4d42ab/files/ac9d02e1a8e34a2d89e61ee951ff2425bf3b0eb5021c481bfbdf7908b56e9228 200
[debug] [2026-05-18T20:45:44.578Z] <<< [apiv2][body] POST https://upload-firebasehosting.googleapis.com/upload/sites/larabakery/versions/69f5adca2b4d42ab/files/ac9d02e1a8e34a2d89e61ee951ff2425bf3b0eb5021c481bfbdf7908b56e9228 [stream]
[debug] [2026-05-18T20:45:44.579Z] <<< [apiv2][status] POST https://upload-firebasehosting.googleapis.com/upload/sites/larabakery/versions/69f5adca2b4d42ab/files/a8469572a47b86278fe1aac0b956ac79b44e984d6202ec28cde1be93ffc6a793 200
[debug] [2026-05-18T20:45:44.579Z] <<< [apiv2][body] POST https://upload-firebasehosting.googleapis.com/upload/sites/larabakery/versions/69f5adca2b4d42ab/files/a8469572a47b86278fe1aac0b956ac79b44e984d6202ec28cde1be93ffc6a793 [stream]
[debug] [2026-05-18T20:45:44.580Z] <<< [apiv2][status] POST https://upload-firebasehosting.googleapis.com/upload/sites/larabakery/versions/69f5adca2b4d42ab/files/ed714b055e10f11ff190ee3ba4ce69a753ebc434d5df600dbaec2b90fc499dc6 200
[debug] [2026-05-18T20:45:44.580Z] <<< [apiv2][body] POST https://upload-firebasehosting.googleapis.com/upload/sites/larabakery/versions/69f5adca2b4d42ab/files/ed714b055e10f11ff190ee3ba4ce69a753ebc434d5df600dbaec2b90fc499dc6 [stream]
[debug] [2026-05-18T20:45:44.612Z] <<< [apiv2][status] POST https://upload-firebasehosting.googleapis.com/upload/sites/larabakery/versions/69f5adca2b4d42ab/files/d568449623773a7e9de93a22e3c20b8d56e734214e3cc77c84147b4216ddce06 200
[debug] [2026-05-18T20:45:44.612Z] <<< [apiv2][body] POST https://upload-firebasehosting.googleapis.com/upload/sites/larabakery/versions/69f5adca2b4d42ab/files/d568449623773a7e9de93a22e3c20b8d56e734214e3cc77c84147b4216ddce06 [stream]
[debug] [2026-05-18T20:45:44.628Z] <<< [apiv2][status] POST https://upload-firebasehosting.googleapis.com/upload/sites/larabakery/versions/69f5adca2b4d42ab/files/c429daf2c2634d3a3cb8e1f6c66a6563461a7da6468777707deb300626c92d39 200
[debug] [2026-05-18T20:45:44.628Z] <<< [apiv2][body] POST https://upload-firebasehosting.googleapis.com/upload/sites/larabakery/versions/69f5adca2b4d42ab/files/c429daf2c2634d3a3cb8e1f6c66a6563461a7da6468777707deb300626c92d39 [stream]
[debug] [2026-05-18T20:45:44.640Z] <<< [apiv2][status] POST https://upload-firebasehosting.googleapis.com/upload/sites/larabakery/versions/69f5adca2b4d42ab/files/05b2170022da234642c958e8e10dad6d9bf0d50f533acea7e95f18f4b5a37d46 200
[debug] [2026-05-18T20:45:44.640Z] <<< [apiv2][body] POST https://upload-firebasehosting.googleapis.com/upload/sites/larabakery/versions/69f5adca2b4d42ab/files/05b2170022da234642c958e8e10dad6d9bf0d50f533acea7e95f18f4b5a37d46 [stream]
[debug] [2026-05-18T20:45:44.768Z] <<< [apiv2][status] POST https://upload-firebasehosting.googleapis.com/upload/sites/larabakery/versions/69f5adca2b4d42ab/files/534c2336f72cdfed567a5835c9a21737170ac51c03bb6270b16eed33436e04e4 200
[debug] [2026-05-18T20:45:44.768Z] <<< [apiv2][body] POST https://upload-firebasehosting.googleapis.com/upload/sites/larabakery/versions/69f5adca2b4d42ab/files/534c2336f72cdfed567a5835c9a21737170ac51c03bb6270b16eed33436e04e4 [stream]
[debug] [2026-05-18T20:45:44.815Z] <<< [apiv2][status] POST https://upload-firebasehosting.googleapis.com/upload/sites/larabakery/versions/69f5adca2b4d42ab/files/ea8725048e3b03b1ef2e7144445994b23a8576193d5bd3a7df75b8df8e2ea897 200
[debug] [2026-05-18T20:45:44.815Z] <<< [apiv2][body] POST https://upload-firebasehosting.googleapis.com/upload/sites/larabakery/versions/69f5adca2b4d42ab/files/ea8725048e3b03b1ef2e7144445994b23a8576193d5bd3a7df75b8df8e2ea897 [stream]
[debug] [2026-05-18T20:45:44.923Z] <<< [apiv2][status] POST https://upload-firebasehosting.googleapis.com/upload/sites/larabakery/versions/69f5adca2b4d42ab/files/35794b2f1ecc6aed3a38b0078731763bcc4bb01c0952e24123b20bf2b3725694 200
[debug] [2026-05-18T20:45:44.923Z] <<< [apiv2][body] POST https://upload-firebasehosting.googleapis.com/upload/sites/larabakery/versions/69f5adca2b4d42ab/files/35794b2f1ecc6aed3a38b0078731763bcc4bb01c0952e24123b20bf2b3725694 [stream]
[debug] [2026-05-18T20:45:45.039Z] <<< [apiv2][status] POST https://upload-firebasehosting.googleapis.com/upload/sites/larabakery/versions/69f5adca2b4d42ab/files/b95548c012baf3679c8bbcd849524754bb0f6eb69bb76a32b12fbb309947d43e 200
[debug] [2026-05-18T20:45:45.039Z] <<< [apiv2][body] POST https://upload-firebasehosting.googleapis.com/upload/sites/larabakery/versions/69f5adca2b4d42ab/files/b95548c012baf3679c8bbcd849524754bb0f6eb69bb76a32b12fbb309947d43e [stream]
[debug] [2026-05-18T20:45:45.280Z] <<< [apiv2][status] POST https://upload-firebasehosting.googleapis.com/upload/sites/larabakery/versions/69f5adca2b4d42ab/files/c98e640daf43e92ff3e6024e36ddaef6049de8bc39d063819fc7e8aceb8a8f62 200
[debug] [2026-05-18T20:45:45.280Z] <<< [apiv2][body] POST https://upload-firebasehosting.googleapis.com/upload/sites/larabakery/versions/69f5adca2b4d42ab/files/c98e640daf43e92ff3e6024e36ddaef6049de8bc39d063819fc7e8aceb8a8f62 [stream]
[debug] [2026-05-18T20:45:45.449Z] <<< [apiv2][status] POST https://upload-firebasehosting.googleapis.com/upload/sites/larabakery/versions/69f5adca2b4d42ab/files/42dbe9982e9de1e24f78a46bfe63a32b79afd1c51538762316d0bf33fb8c3865 200
[debug] [2026-05-18T20:45:45.449Z] <<< [apiv2][body] POST https://upload-firebasehosting.googleapis.com/upload/sites/larabakery/versions/69f5adca2b4d42ab/files/42dbe9982e9de1e24f78a46bfe63a32b79afd1c51538762316d0bf33fb8c3865 [stream]
[debug] [2026-05-18T20:45:45.449Z] [hosting][upload queue][FINAL] {"max":3097,"min":882,"avg":1490.5595238095234,"active":0,"complete":84,"success":84,"errored":0,"retried":0,"total":84,"elapsed":3159}
[info] i  hosting: upload complete 
[info] ✔  hosting[larabakery]: file upload complete 
[debug] [2026-05-18T20:45:45.449Z] [hosting] deploy completed after 3964ms
[info] i  hosting[larabakery-d98a0]: beginning deploy... 
[info] i  hosting[larabakery-d98a0]: found 0 files in redirect-public 
[debug] [2026-05-18T20:45:45.451Z] [hosting] uploading with 200 concurrency
[debug] [2026-05-18T20:45:45.451Z] [hosting] hash cache [cmVkaXJlY3QtcHVibGlj] not populated
[info] i  hosting: hashing files [0/0] (NaN%) 
[info] ✔  hosting[larabakery-d98a0]: file upload complete 
[debug] [2026-05-18T20:45:45.451Z] [hosting] deploy completed after 2ms
[debug] [2026-05-18T20:45:45.451Z] [rules] releasing cloud.firestore with ruleset projects/larabakery-d98a0/rulesets/e1f3c013-77ea-4e72-baac-74a815c11a82
[debug] [2026-05-18T20:45:45.452Z] Checked if tokens are valid: true, expires at: 1779140713794
[debug] [2026-05-18T20:45:45.452Z] Checked if tokens are valid: true, expires at: 1779140713794
[debug] [2026-05-18T20:45:45.452Z] >>> [apiv2][query] PATCH https://firebaserules.googleapis.com/v1/projects/larabakery-d98a0/releases/cloud.firestore [none]
[debug] [2026-05-18T20:45:45.452Z] >>> [apiv2][body] PATCH https://firebaserules.googleapis.com/v1/projects/larabakery-d98a0/releases/cloud.firestore {"release":{"name":"projects/larabakery-d98a0/releases/cloud.firestore","rulesetName":"projects/larabakery-d98a0/rulesets/e1f3c013-77ea-4e72-baac-74a815c11a82"}}
[debug] [2026-05-18T20:45:46.011Z] <<< [apiv2][status] PATCH https://firebaserules.googleapis.com/v1/projects/larabakery-d98a0/releases/cloud.firestore 200
[debug] [2026-05-18T20:45:46.012Z] <<< [apiv2][body] PATCH https://firebaserules.googleapis.com/v1/projects/larabakery-d98a0/releases/cloud.firestore {"name":"projects/larabakery-d98a0/releases/cloud.firestore","rulesetName":"projects/larabakery-d98a0/rulesets/e1f3c013-77ea-4e72-baac-74a815c11a82","createTime":"2026-05-08T20:48:34.321680Z","updateTime":"2026-05-18T20:45:46.055559Z"}
[debug] [2026-05-18T20:45:46.012Z] [rules] updated release projects/larabakery-d98a0/releases/cloud.firestore
[info] ✔  firestore: released rules firestore.rules to cloud.firestore 
[info] i  functions: Skipping the deploy of unchanged functions. 
[info] ✔  functions[notifyAdminOnNewOrder(us-central1)] Skipped (No changes detected) 
[debug] [2026-05-18T20:45:46.017Z] Total Function Deployment time: 0
[debug] [2026-05-18T20:45:46.017Z] 0 Functions Deployed
[debug] [2026-05-18T20:45:46.017Z] 0 Functions Errored
[debug] [2026-05-18T20:45:46.017Z] 0 Function Deployments Aborted
[debug] [2026-05-18T20:45:46.017Z] Average Function Deployment time: NaN
[debug] [2026-05-18T20:45:46.223Z] Checked if tokens are valid: true, expires at: 1779140713794
[debug] [2026-05-18T20:45:46.223Z] Checked if tokens are valid: true, expires at: 1779140713794
[debug] [2026-05-18T20:45:46.223Z] >>> [apiv2][query] GET https://artifactregistry.googleapis.com/v1/projects/larabakery-d98a0/locations/us-central1/repositories/gcf-artifacts [none]
[debug] [2026-05-18T20:45:46.825Z] <<< [apiv2][status] GET https://artifactregistry.googleapis.com/v1/projects/larabakery-d98a0/locations/us-central1/repositories/gcf-artifacts 200
[debug] [2026-05-18T20:45:46.825Z] <<< [apiv2][body] GET https://artifactregistry.googleapis.com/v1/projects/larabakery-d98a0/locations/us-central1/repositories/gcf-artifacts {"name":"projects/larabakery-d98a0/locations/us-central1/repositories/gcf-artifacts","format":"DOCKER","description":"This repository is created and used by Cloud Functions for storing function docker images.","labels":{"goog-managed-by":"cloudfunctions"},"createTime":"2026-05-13T00:36:28.503070Z","updateTime":"2026-05-13T01:01:38.393883Z","mode":"STANDARD_REPOSITORY","cleanupPolicies":{"firebase-functions-cleanup":{"id":"firebase-functions-cleanup","action":"DELETE","condition":{"tagState":"ANY","olderThan":"2592000s"}}},"sizeBytes":"240595528","vulnerabilityScanningConfig":{"lastEnableTime":"2026-05-13T00:36:13.084686506Z","enablementState":"SCANNING_DISABLED","enablementStateReason":"API containerscanning.googleapis.com is not enabled."},"satisfiesPzi":true,"registryUri":"us-central1-docker.pkg.dev/larabakery-d98a0/gcf-artifacts"}
[debug] [2026-05-18T20:45:46.825Z] [
  {
    "config": {
      "target": "larabakery",
      "public": "out",
      "predeploy": [
        "npm run build"
      ],
      "ignore": [
        "firebase.json",
        "**/.*",
        "**/node_modules/**"
      ],
      "cleanUrls": true,
      "trailingSlash": false,
      "site": "larabakery"
    },
    "version": "projects/288559419949/sites/larabakery/versions/69f5adca2b4d42ab"
  },
  {
    "config": {
      "target": "larabakery-default",
      "public": "redirect-public",
      "ignore": [
        "firebase.json",
        "**/.*"
      ],
      "redirects": [
        {
          "source": "/**",
          "destination": "https://larabakery.web.app",
          "type": 301
        }
      ],
      "site": "larabakery-d98a0"
    },
    "version": "projects/288559419949/sites/larabakery-d98a0/versions/ee5eee907e85c576"
  }
]
[info] i  hosting[larabakery]: finalizing version... 
[info] i  hosting[larabakery-d98a0]: finalizing version... 
[debug] [2026-05-18T20:45:46.826Z] Checked if tokens are valid: true, expires at: 1779140713794
[debug] [2026-05-18T20:45:46.826Z] Checked if tokens are valid: true, expires at: 1779140713794
[debug] [2026-05-18T20:45:46.826Z] Checked if tokens are valid: true, expires at: 1779140713794
[debug] [2026-05-18T20:45:46.826Z] Checked if tokens are valid: true, expires at: 1779140713794
[debug] [2026-05-18T20:45:46.826Z] >>> [apiv2][query] PATCH https://firebasehosting.googleapis.com/v1beta1/projects/-/sites/larabakery/versions/69f5adca2b4d42ab updateMask=status%2Cconfig
[debug] [2026-05-18T20:45:46.826Z] >>> [apiv2][body] PATCH https://firebasehosting.googleapis.com/v1beta1/projects/-/sites/larabakery/versions/69f5adca2b4d42ab {"status":"FINALIZED","config":{"cleanUrls":true,"trailingSlashBehavior":"REMOVE"}}
[debug] [2026-05-18T20:45:46.827Z] >>> [apiv2][query] PATCH https://firebasehosting.googleapis.com/v1beta1/projects/-/sites/larabakery-d98a0/versions/ee5eee907e85c576 updateMask=status%2Cconfig
[debug] [2026-05-18T20:45:46.827Z] >>> [apiv2][body] PATCH https://firebasehosting.googleapis.com/v1beta1/projects/-/sites/larabakery-d98a0/versions/ee5eee907e85c576 {"status":"FINALIZED","config":{"redirects":[{"glob":"/**","location":"https://larabakery.web.app","statusCode":301}]}}
[debug] [2026-05-18T20:45:47.414Z] <<< [apiv2][status] PATCH https://firebasehosting.googleapis.com/v1beta1/projects/-/sites/larabakery/versions/69f5adca2b4d42ab 200
[debug] [2026-05-18T20:45:47.414Z] <<< [apiv2][body] PATCH https://firebasehosting.googleapis.com/v1beta1/projects/-/sites/larabakery/versions/69f5adca2b4d42ab {"name":"projects/288559419949/sites/larabakery/versions/69f5adca2b4d42ab","status":"FINALIZED","config":{"cleanUrls":true,"trailingSlashBehavior":"REMOVE"},"labels":{"deployment-tool":"cli-firebase"},"createTime":"2026-05-18T20:45:39.085857Z","createUser":{"email":"serdumo@gmail.com"},"finalizeTime":"2026-05-18T20:45:47.407308Z","finalizeUser":{"email":"serdumo@gmail.com"}}
[debug] [2026-05-18T20:45:47.414Z] [hosting] finalized version for larabakery:[object Object]
[info] ✔  hosting[larabakery]: version finalized 
[info] i  hosting[larabakery]: releasing new version... 
[debug] [2026-05-18T20:45:47.414Z] Checked if tokens are valid: true, expires at: 1779140713794
[debug] [2026-05-18T20:45:47.414Z] Checked if tokens are valid: true, expires at: 1779140713794
[debug] [2026-05-18T20:45:47.415Z] >>> [apiv2][query] POST https://firebasehosting.googleapis.com/v1beta1/projects/-/sites/larabakery/channels/live/releases versionName=projects%2F288559419949%2Fsites%2Flarabakery%2Fversions%2F69f5adca2b4d42ab
[debug] [2026-05-18T20:45:47.415Z] >>> [apiv2][body] POST https://firebasehosting.googleapis.com/v1beta1/projects/-/sites/larabakery/channels/live/releases {}
[debug] [2026-05-18T20:45:47.927Z] <<< [apiv2][status] PATCH https://firebasehosting.googleapis.com/v1beta1/projects/-/sites/larabakery-d98a0/versions/ee5eee907e85c576 200
[debug] [2026-05-18T20:45:47.928Z] <<< [apiv2][body] PATCH https://firebasehosting.googleapis.com/v1beta1/projects/-/sites/larabakery-d98a0/versions/ee5eee907e85c576 {"name":"projects/288559419949/sites/larabakery-d98a0/versions/ee5eee907e85c576","status":"FINALIZED","config":{"redirects":[{"statusCode":301,"location":"https://larabakery.web.app","glob":"/**"}]},"labels":{"deployment-tool":"cli-firebase"},"createTime":"2026-05-18T20:45:39.064545Z","createUser":{"email":"serdumo@gmail.com"},"finalizeTime":"2026-05-18T20:45:47.927166Z","finalizeUser":{"email":"serdumo@gmail.com"}}
[debug] [2026-05-18T20:45:47.928Z] [hosting] finalized version for larabakery-d98a0:[object Object]
[info] ✔  hosting[larabakery-d98a0]: version finalized 
[info] i  hosting[larabakery-d98a0]: releasing new version... 
[debug] [2026-05-18T20:45:47.928Z] Checked if tokens are valid: true, expires at: 1779140713794
[debug] [2026-05-18T20:45:47.928Z] Checked if tokens are valid: true, expires at: 1779140713794
[debug] [2026-05-18T20:45:47.928Z] >>> [apiv2][query] POST https://firebasehosting.googleapis.com/v1beta1/projects/-/sites/larabakery-d98a0/channels/live/releases versionName=projects%2F288559419949%2Fsites%2Flarabakery-d98a0%2Fversions%2Fee5eee907e85c576
[debug] [2026-05-18T20:45:47.928Z] >>> [apiv2][body] POST https://firebasehosting.googleapis.com/v1beta1/projects/-/sites/larabakery-d98a0/channels/live/releases {}
[debug] [2026-05-18T20:45:48.098Z] <<< [apiv2][status] POST https://firebasehosting.googleapis.com/v1beta1/projects/-/sites/larabakery/channels/live/releases 200
[debug] [2026-05-18T20:45:48.098Z] <<< [apiv2][body] POST https://firebasehosting.googleapis.com/v1beta1/projects/-/sites/larabakery/channels/live/releases {"name":"projects/288559419949/sites/larabakery/channels/live/releases/1779137147398000","version":{"name":"projects/288559419949/sites/larabakery/versions/69f5adca2b4d42ab","status":"FINALIZED","config":{"cleanUrls":true,"trailingSlashBehavior":"REMOVE"},"labels":{"deployment-tool":"cli-firebase"},"createTime":"2026-05-18T20:45:39.085857Z","createUser":{"email":"serdumo@gmail.com","imageUrl":"https://lh3.googleusercontent.com/a/ACg8ocIXVRqD4BWsXJm-GxWHvLlLA-OrybeC3XrHuuWMcBkSPPdYYh7_Yw"},"finalizeTime":"2026-05-18T20:45:47.407308Z","finalizeUser":{"email":"serdumo@gmail.com","imageUrl":"https://lh3.googleusercontent.com/a/ACg8ocIXVRqD4BWsXJm-GxWHvLlLA-OrybeC3XrHuuWMcBkSPPdYYh7_Yw"}},"type":"DEPLOY","releaseTime":"2026-05-18T20:45:47.398Z","releaseUser":{"email":"serdumo@gmail.com","imageUrl":"https://lh3.googleusercontent.com/a/ACg8ocIXVRqD4BWsXJm-GxWHvLlLA-OrybeC3XrHuuWMcBkSPPdYYh7_Yw"}}
[debug] [2026-05-18T20:45:48.098Z] [hosting] release: {"name":"projects/288559419949/sites/larabakery/channels/live/releases/1779137147398000","version":{"name":"projects/288559419949/sites/larabakery/versions/69f5adca2b4d42ab","status":"FINALIZED","config":{"cleanUrls":true,"trailingSlashBehavior":"REMOVE"},"labels":{"deployment-tool":"cli-firebase"},"createTime":"2026-05-18T20:45:39.085857Z","createUser":{"email":"serdumo@gmail.com","imageUrl":"https://lh3.googleusercontent.com/a/ACg8ocIXVRqD4BWsXJm-GxWHvLlLA-OrybeC3XrHuuWMcBkSPPdYYh7_Yw"},"finalizeTime":"2026-05-18T20:45:47.407308Z","finalizeUser":{"email":"serdumo@gmail.com","imageUrl":"https://lh3.googleusercontent.com/a/ACg8ocIXVRqD4BWsXJm-GxWHvLlLA-OrybeC3XrHuuWMcBkSPPdYYh7_Yw"}},"type":"DEPLOY","releaseTime":"2026-05-18T20:45:47.398Z","releaseUser":{"email":"serdumo@gmail.com","imageUrl":"https://lh3.googleusercontent.com/a/ACg8ocIXVRqD4BWsXJm-GxWHvLlLA-OrybeC3XrHuuWMcBkSPPdYYh7_Yw"}}
[info] ✔  hosting[larabakery]: release complete 
[debug] [2026-05-18T20:45:48.666Z] <<< [apiv2][status] POST https://firebasehosting.googleapis.com/v1beta1/projects/-/sites/larabakery-d98a0/channels/live/releases 200
[debug] [2026-05-18T20:45:48.667Z] <<< [apiv2][body] POST https://firebasehosting.googleapis.com/v1beta1/projects/-/sites/larabakery-d98a0/channels/live/releases {"name":"projects/288559419949/sites/larabakery-d98a0/channels/live/releases/1779137147980000","version":{"name":"projects/288559419949/sites/larabakery-d98a0/versions/ee5eee907e85c576","status":"FINALIZED","config":{"redirects":[{"statusCode":301,"location":"https://larabakery.web.app","glob":"/**"}]},"labels":{"deployment-tool":"cli-firebase"},"createTime":"2026-05-18T20:45:39.064545Z","createUser":{"email":"serdumo@gmail.com","imageUrl":"https://lh3.googleusercontent.com/a/ACg8ocIXVRqD4BWsXJm-GxWHvLlLA-OrybeC3XrHuuWMcBkSPPdYYh7_Yw"},"finalizeTime":"2026-05-18T20:45:47.927166Z","finalizeUser":{"email":"serdumo@gmail.com","imageUrl":"https://lh3.googleusercontent.com/a/ACg8ocIXVRqD4BWsXJm-GxWHvLlLA-OrybeC3XrHuuWMcBkSPPdYYh7_Yw"}},"type":"DEPLOY","releaseTime":"2026-05-18T20:45:47.980Z","releaseUser":{"email":"serdumo@gmail.com","imageUrl":"https://lh3.googleusercontent.com/a/ACg8ocIXVRqD4BWsXJm-GxWHvLlLA-OrybeC3XrHuuWMcBkSPPdYYh7_Yw"}}
[debug] [2026-05-18T20:45:48.667Z] [hosting] release: {"name":"projects/288559419949/sites/larabakery-d98a0/channels/live/releases/1779137147980000","version":{"name":"projects/288559419949/sites/larabakery-d98a0/versions/ee5eee907e85c576","status":"FINALIZED","config":{"redirects":[{"statusCode":301,"location":"https://larabakery.web.app","glob":"/**"}]},"labels":{"deployment-tool":"cli-firebase"},"createTime":"2026-05-18T20:45:39.064545Z","createUser":{"email":"serdumo@gmail.com","imageUrl":"https://lh3.googleusercontent.com/a/ACg8ocIXVRqD4BWsXJm-GxWHvLlLA-OrybeC3XrHuuWMcBkSPPdYYh7_Yw"},"finalizeTime":"2026-05-18T20:45:47.927166Z","finalizeUser":{"email":"serdumo@gmail.com","imageUrl":"https://lh3.googleusercontent.com/a/ACg8ocIXVRqD4BWsXJm-GxWHvLlLA-OrybeC3XrHuuWMcBkSPPdYYh7_Yw"}},"type":"DEPLOY","releaseTime":"2026-05-18T20:45:47.980Z","releaseUser":{"email":"serdumo@gmail.com","imageUrl":"https://lh3.googleusercontent.com/a/ACg8ocIXVRqD4BWsXJm-GxWHvLlLA-OrybeC3XrHuuWMcBkSPPdYYh7_Yw"}}
[info] ✔  hosting[larabakery-d98a0]: release complete 
[info] 
[info] ✔  Deploy complete! 
[info] 
[info] Project Console: https://console.firebase.google.com/project/larabakery-d98a0/overview
[info] Hosting URL: https://larabakery.web.app
[info] Hosting URL: https://larabakery-d98a0.web.app
